exercise_id,canonical_name,aliases,muscle_group,sub_muscle_group,primary_muscles,secondary_muscles,equipment,equipment_category,movement_pattern,exercise_type,compound_or_isolation,unilateral_or_bilateral,bodyweight,difficulty,beginner_friendly,tracking_type,min_reps,max_reps,instructions,form_cues,common_mistakes,progression_exercises,regression_exercises,alternative_exercises,status,source
exl_nGdSMtEVAP,Cable Hip Abduction,,legs,,ABDUCTORS,GLUTES,CABLE,cable,isolation,cable,isolation,unilateral,no,BEGINNER,yes,weight_reps,12,20,,,,,,band_walks | hip_abduction_machine,active,NEW
exl_51BLHgFPLk,Ab Wheel Rollout,,core,,ABS,"CORE, LATS",BODYWEIGHT,bodyweight,core/anti-movement,bodyweight,isolation,bilateral,yes,ADVANCED,no,bodyweight_reps,10,15,,,,,trx_fallout,trx_fallout,active,EXISTING
exl_pjlTJfid8Q,Bicycle Crunch,,core,,ABS,"OBLIQUES, CORE",BODYWEIGHT,bodyweight,core/anti-movement,bodyweight,isolation,bilateral,yes,BEGINNER,yes,bodyweight_reps,10,15,,,,,,oblique_crunch,active,EXISTING
exl_nwJHryk7zD,Cable Crunch,,core,,ABS,CORE,CABLE,cable,core/anti-movement,cable,isolation,bilateral,no,BEGINNER,yes,weight_reps,10,15,,,,,,machine_crunch,active,EXISTING
exl_o4TYW7kkEx,Hanging Knee Raise,,core,,ABS,CORE,BODYWEIGHT,bodyweight,core/anti-movement,bodyweight,isolation,bilateral,yes,BEGINNER,yes,bodyweight_reps,10,20,,,,toes_to_bar | hanging_leg_raise,,,active,NEW
exl_AWDLmS7syX,Hanging Leg Raise,,core,,ABS,CORE,BODYWEIGHT,bodyweight,core/anti-movement,bodyweight,isolation,bilateral,yes,INTERMEDIATE,no,bodyweight_reps,10,15,,,,toes_to_bar,hanging_knee_raise,,active,EXISTING
exl_3QaOBvVkIK,Machine Crunch,crunch,core,,ABS,CORE,MACHINE,machine,core/anti-movement,machine,isolation,bilateral,no,BEGINNER,yes,weight_reps,12,20,,,,,,reverse_crunch | cable_crunch,active,NEW
exl_0FvMzPKeB3,Reverse Crunch,,core,,ABS,CORE,BODYWEIGHT,bodyweight,core/anti-movement,bodyweight,isolation,bilateral,yes,BEGINNER,yes,bodyweight_reps,10,15,,,,,,machine_crunch,active,EXISTING
exl_kIE1ergiWf,Russian Twist,,core,,ABS,"OBLIQUES, CORE",BODYWEIGHT,bodyweight,core/anti-movement,bodyweight,isolation,bilateral,yes,BEGINNER,yes,bodyweight_reps,10,15,,,,,,oblique_crunch | landmine_rotation,active,EXISTING
exl_ba6dcqZOpn,Toes-to-Bar,toes to bar,core,,ABS,"CORE, LATS",PULL_UP_BAR,bodyweight,core/anti-movement,bodyweight,isolation,bilateral,yes,ADVANCED,no,bodyweight_reps,6,12,,,,,hanging_leg_raise | hanging_knee_raise,,active,NEW
exl_gAGgkfrdjO,V-Up,,core,,ABS,"CORE, HIP FLEXORS",BODYWEIGHT,bodyweight,core/anti-movement,bodyweight,isolation,bilateral,yes,INTERMEDIATE,no,bodyweight_reps,10,15,,,,,,,active,EXISTING
exl_u6q9eIJam7,Windshield Wiper,,core,,ABS,"OBLIQUES, CORE",BODYWEIGHT,bodyweight,core/anti-movement,bodyweight,isolation,bilateral,yes,ADVANCED,no,bodyweight_reps,10,15,,,,,,,active,EXISTING
exl_h0mI74TyuR,Cable Hip Adduction,,legs,,ADDUCTORS,,CABLE,cable,isolation,cable,isolation,unilateral,no,BEGINNER,yes,weight_reps,12,20,,,,,,adductor_machine,active,NEW
exl_H07F7vB95w,Copenhagen Plank,,legs,,ADDUCTORS,"CORE, OBLIQUES",BODYWEIGHT,bodyweight,core/anti-movement,bodyweight,isolation,unilateral,yes,ADVANCED,no,time,20,40,,,,,side_plank,adductor_machine,active,NEW
exl_g8Npvx0nyk,Cossack Squat,,legs,,ADDUCTORS,"QUADS, GLUTES",BODYWEIGHT,bodyweight,lunge,bodyweight,compound,unilateral,yes,INTERMEDIATE,no,bodyweight_reps,8,12,,,,,lateral_lunge,lateral_lunge,active,NEW
exl_vKiR85plpI,Hip Adduction Machine,hip adduction,legs,,ADDUCTORS,,MACHINE,machine,isolation,machine,isolation,bilateral,no,BEGINNER,yes,weight_reps,12,20,,,,,,copenhagen_plank | cable_hip_adduction,active,NEW
exl_POe2mwkxmE,Band Bicep Curl,,arms,,BICEPS,FOREARMS,BANDS,functional,isolation,bodyweight,isolation,bilateral,no,BEGINNER,yes,weight_reps,10,15,,,,,,,active,EXISTING
exl_3biU4u0LDR,Barbell Curl,,arms,,BICEPS,FOREARMS,BARBELL,free weights,isolation,free_weight,isolation,bilateral,no,BEGINNER,yes,weight_reps,10,15,,,,,,,active,EXISTING
exl_AQVL4ZsUtT,Bayesian Cable Curl,,arms,,BICEPS,FOREARMS,CABLE,cable,isolation,cable,isolation,bilateral,no,INTERMEDIATE,no,weight_reps,10,15,,,,,,single_arm_cable_curl,active,EXISTING
exl_Rolt3Vd3fD,Bicep Curl,curl | barbell curl | db curl | dumbbell curl | dumbbell bicep curl | dumbbell biceps curl | db bicep curl | db biceps curl,arms,,BICEPS,FOREARMS,DUMBBELL,free weights,isolation,free_weight,isolation,bilateral,no,BEGINNER,yes,weight_reps,10,15,,,,,,,active,EXISTING
exl_NKr6oLwyiW,Cable Curl,,arms,,BICEPS,FOREARMS,CABLE,cable,isolation,cable,isolation,bilateral,no,BEGINNER,yes,weight_reps,10,15,,,,,,single_arm_cable_curl,active,EXISTING
exl_nM8M3WD5Pt,Concentration Curl,,arms,,BICEPS,FOREARMS,DUMBBELL,free weights,isolation,free_weight,isolation,bilateral,no,BEGINNER,yes,weight_reps,10,15,,,,,,db_preacher_curl,active,EXISTING
exl_pEjSS5UxrH,Drag Curl,,arms,,BICEPS,FOREARMS,BARBELL,free weights,isolation,free_weight,isolation,bilateral,no,INTERMEDIATE,no,weight_reps,10,15,,,,,,,active,EXISTING
exl_UnH8SiLN4Q,Dumbbell Preacher Curl,db preacher curl,arms,,BICEPS,FOREARMS,DUMBBELL,free weights,isolation,free_weight,isolation,unilateral,no,BEGINNER,yes,weight_reps,10,15,,,,,,preacher_curl | concentration_curl,active,NEW
exl_zhZwcb1dGL,EZ-Bar Curl,,arms,,BICEPS,FOREARMS,BARBELL,free weights,isolation,free_weight,isolation,bilateral,no,BEGINNER,yes,weight_reps,10,15,,,,,,,active,EXISTING
exl_Mml1I1Qqog,Hammer Curl,hammer curls | db hammer curl | pinwheel curl | cross body curl | cross body hammer curl,arms,,BICEPS,"FOREARMS, BRACHIALIS",DUMBBELL,free weights,isolation,free_weight,isolation,bilateral,no,BEGINNER,yes,weight_reps,10,15,,,,,,zottman_curl,active,EXISTING
exl_kPTOLzefV8,Incline Dumbbell Curl,,arms,,BICEPS,FOREARMS,DUMBBELL,free weights,isolation,free_weight,isolation,bilateral,no,INTERMEDIATE,no,weight_reps,10,15,,,,,,,active,EXISTING
exl_8YLb0jf9hh,Preacher Curl,,arms,,BICEPS,FOREARMS,BARBELL,free weights,isolation,free_weight,isolation,bilateral,no,INTERMEDIATE,no,weight_reps,10,15,,,,,,db_preacher_curl,active,EXISTING
exl_teCgZYriuL,Single-Arm Cable Curl,single arm cable curl | one arm cable curl,arms,,BICEPS,FOREARMS,CABLE,cable,isolation,cable,isolation,unilateral,no,BEGINNER,yes,weight_reps,10,15,,,,,,bayesian_curl | cable_curl,active,NEW
exl_Rj80nr42Ki,Spider Curl,,arms,,BICEPS,FOREARMS,BARBELL,free weights,isolation,free_weight,isolation,bilateral,no,INTERMEDIATE,no,weight_reps,10,15,,,,,,,active,EXISTING
exl_iE17F7GGgD,Zottman Curl,,arms,,BICEPS,FOREARMS,DUMBBELL,free weights,isolation,free_weight,isolation,bilateral,no,INTERMEDIATE,no,weight_reps,10,15,,,,,,reverse_curl | hammer_curl,active,NEW
exl_fVZ71TX3bb,Calf Press on Leg Press,,legs,,CALVES,,LEG_PRESS,machine,isolation,machine,isolation,bilateral,no,BEGINNER,yes,weight_reps,10,15,,,,,,,active,EXISTING
exl_uMyqICelD7,Donkey Calf Raise,,legs,,CALVES,,MACHINE,machine,isolation,machine,isolation,bilateral,no,BEGINNER,yes,weight_reps,10,15,,,,,,,active,EXISTING
exl_Xs4YmnFVns,Seated Calf Raise,,legs,,CALVES,,MACHINE,machine,isolation,machine,isolation,bilateral,no,BEGINNER,yes,weight_reps,10,15,,,,,,,active,EXISTING
exl_TtXOyytW1U,Single-Leg Calf Raise,,legs,,CALVES,,BODYWEIGHT,bodyweight,isolation,bodyweight,isolation,unilateral,yes,BEGINNER,yes,bodyweight_reps,10,15,,,,,,,active,EXISTING
exl_3UmT49H2Y1,Standing Calf Raise,smith machine calf raise | smith calf raise,legs,,CALVES,,MACHINE,machine,isolation,machine,isolation,bilateral,no,BEGINNER,yes,weight_reps,10,15,,,,,,,active,EXISTING
exl_Mzznkck355,Tibialis Raise,,legs,,CALVES,,BODYWEIGHT,bodyweight,isolation,bodyweight,isolation,bilateral,yes,BEGINNER,yes,bodyweight_reps,10,15,,,,,,,active,EXISTING
exl_18ILsdnEnF,Assault Bike,air bike,full body,,CARDIO,"QUADS, CORE",BIKE,cardio,loaded carry,cardio,compound,bilateral,no,INTERMEDIATE,no,distance_time,10,20,,,,,,,active,EXISTING
exl_qDlwNas257,Battle Ropes,battling ropes | ropes,full body,,CARDIO,"SHOULDERS, ARMS, CORE",BODYWEIGHT,bodyweight,loaded carry,bodyweight,compound,bilateral,yes,INTERMEDIATE,no,distance_time,20,40,,,,,,,active,EXISTING
exl_2Gq2KY8JLQ,Elliptical,cross trainer,full body,,CARDIO,"QUADS, GLUTES, CORE",MACHINE,machine,loaded carry,machine,compound,bilateral,no,BEGINNER,yes,distance_time,20,40,,,,,,,active,EXISTING
exl_4GoqhVf2BW,Incline Treadmill Walk,,full body,,CARDIO,"GLUTES, CALVES",TREADMILL,cardio,loaded carry,cardio,compound,bilateral,no,BEGINNER,yes,distance_time,10,20,,,,,,,active,EXISTING
exl_McDjJfcvs1,Jump Rope,skipping rope | skip rope,full body,,CARDIO,"CALVES, CORE, FOREARMS",BODYWEIGHT,bodyweight,loaded carry,bodyweight,compound,bilateral,yes,BEGINNER,yes,distance_time,20,40,,,,,,,active,EXISTING
exl_a5tA2naZDl,Rowing Machine,erg | rower,full body,,CARDIO,"UPPER BACK, LATS, QUADS",ROWING,cardio,loaded carry,cardio,compound,bilateral,no,BEGINNER,yes,distance_time,10,20,,,,,,,active,EXISTING
exl_jkA0RoeDn0,Ski Erg,,full body,,CARDIO,"LATS, SHOULDERS, CORE",MACHINE,machine,loaded carry,machine,compound,bilateral,no,INTERMEDIATE,no,distance_time,20,40,,,,,,,active,EXISTING
exl_Xtg7v8KDRc,Sprint Intervals,,full body,,CARDIO,"QUADS, GLUTES, CALVES",TREADMILL,cardio,loaded carry,cardio,compound,bilateral,no,ADVANCED,no,distance_time,10,20,,,,,,,active,EXISTING
exl_V53H2m24dK,Stair Climber,stairs | stairmaster,full body,,CARDIO,"QUADS, GLUTES, CALVES",MACHINE,machine,loaded carry,machine,compound,bilateral,no,BEGINNER,yes,distance_time,20,40,,,,,,,active,EXISTING
exl_pyrhhussgU,Stationary Cycling,,full body,,CARDIO,"QUADS, CALVES",BIKE,cardio,loaded carry,cardio,compound,bilateral,no,BEGINNER,yes,distance_time,10,20,,,,,,,active,EXISTING
exl_ChNH07l61g,Treadmill Run,,full body,,CARDIO,"CALVES, QUADS",TREADMILL,cardio,loaded carry,cardio,compound,bilateral,no,BEGINNER,yes,distance_time,10,20,,,,,,,active,EXISTING
exl_sQm6H1TKhV,Archer Push-Up,archer push up,chest,,CHEST,"TRICEPS, CORE",BODYWEIGHT,bodyweight,horizontal push,bodyweight,compound,unilateral,yes,ADVANCED,no,bodyweight_reps,4,10,,,,,push_up | deficit_push_up,,active,NEW
exl_57u3gVq3cd,Assisted Dip (Machine),assisted dip,chest,,CHEST,"TRICEPS, FRONT DELTS",MACHINE,machine,horizontal push,machine,compound,bilateral,no,BEGINNER,yes,weight_reps,6,12,,,,chest_dip | weighted_dip,,machine_chest_press,active,NEW
exl_DCeMdgFUth,Band Chest Press,,chest,,CHEST,TRICEPS,BANDS,functional,horizontal push,bodyweight,compound,bilateral,no,BEGINNER,yes,weight_reps,6,10,,,,,,med_ball_chest_pass,active,EXISTING
exl_l79Gnp7aj5,Bench Press,flat bench | barbell bench | bench | bench press,chest,,CHEST,"CHEST, TRICEPS, FRONT DELTS",BARBELL,free weights,horizontal push,free_weight,compound,bilateral,no,INTERMEDIATE,no,weight_reps,6,10,,,,,,,active,EXISTING
exl_eeZRvVcmdK,Cable Fly,cable flies | chest fly,chest,,CHEST,FRONT DELTS,CABLE,cable,isolation,cable,isolation,bilateral,no,BEGINNER,yes,weight_reps,10,15,,,,,,,active,EXISTING
exl_4ZA2AoGx7v,Chest Dip,,chest,,CHEST,"TRICEPS, FRONT DELTS",BODYWEIGHT,bodyweight,horizontal push,bodyweight,compound,bilateral,yes,INTERMEDIATE,no,weighted_bodyweight,6,10,,,,ring_dip,assisted_dip,,active,EXISTING
exl_zlXBJ9Os5u,Deficit Push-Up,deep push up | push up on handles | deficit push up,chest,,CHEST,"TRICEPS, CORE",BODYWEIGHT,bodyweight,horizontal push,bodyweight,compound,bilateral,yes,INTERMEDIATE,no,bodyweight_reps,8,15,,,,archer_push_up | weighted_dip,push_up,,active,NEW
exl_Dr5EeZ2tTd,Dumbbell Bench Press,db bench | dumbbell press,chest,,CHEST,"TRICEPS, FRONT DELTS",DUMBBELL,free weights,horizontal push,free_weight,compound,bilateral,no,BEGINNER,yes,weight_reps,6,10,,,,,,db_floor_press | single_arm_db_bench | iso_lateral_chest_press,active,EXISTING
exl_6NoVXcDUWc,Dumbbell Floor Press,db floor press,chest,,CHEST,TRICEPS,DUMBBELL,free weights,horizontal push,free_weight,compound,bilateral,no,BEGINNER,yes,weight_reps,8,12,,,,,,dumbbell_bench_press | floor_press,active,NEW
exl_H4WI9owBpJ,Dumbbell Fly,,chest,,CHEST,FRONT DELTS,DUMBBELL,free weights,isolation,free_weight,isolation,bilateral,no,BEGINNER,yes,weight_reps,10,15,,,,,,,active,EXISTING
exl_EiUKY7k6AB,Dumbbell Pullover,,chest,,CHEST,"LATS, TRICEPS",DUMBBELL,free weights,vertical pull,free_weight,compound,bilateral,no,INTERMEDIATE,no,weight_reps,6,10,,,,,,cable_pullover,active,EXISTING
exl_cSf6H3ysrV,Floor Press,,chest,,CHEST,TRICEPS,BARBELL,free weights,horizontal push,free_weight,compound,bilateral,no,INTERMEDIATE,no,weight_reps,6,10,,,,,,db_floor_press,active,EXISTING
exl_Fa2Gi0vCQ5,Incline Push-up,,chest,,CHEST,"TRICEPS, CORE",BODYWEIGHT,bodyweight,horizontal push,bodyweight,compound,bilateral,yes,BEGINNER,yes,bodyweight_reps,6,10,,,,,,,active,EXISTING
exl_ih5nE1wFTW,Iso-Lateral Chest Press,iso lateral chest press,chest,,CHEST,"TRICEPS, FRONT DELTS",MACHINE,machine,horizontal push,machine,compound,unilateral,no,BEGINNER,yes,weight_reps,8,12,,,,,,dumbbell_bench_press | machine_chest_press,active,NEW
exl_SEq248iaD4,Landmine Press,,chest,,CHEST,"SHOULDERS, TRICEPS, CORE",BARBELL,free weights,vertical push,free_weight,compound,bilateral,no,INTERMEDIATE,no,weight_reps,6,10,,,,,,,active,EXISTING
exl_LvofD1XL6O,Machine Chest Press,chest press machine | machine press | converging chest press machine | converging chest press | converging press,chest,,CHEST,"TRICEPS, FRONT DELTS",MACHINE,machine,horizontal push,machine,compound,bilateral,no,BEGINNER,yes,weight_reps,6,10,,,,,,assisted_dip | iso_lateral_chest_press,active,EXISTING
exl_5oGlJFzTzT,Machine Fly,,chest,,CHEST,FRONT DELTS,MACHINE,machine,isolation,machine,isolation,bilateral,no,BEGINNER,yes,weight_reps,10,15,,,,,,,active,EXISTING
exl_OQQxjIM9jx,Medicine Ball Chest Pass,explosive chest pass | med ball push pass,chest,,CHEST,"TRICEPS, SHOULDERS",MEDICINE_BALL,functional,horizontal push,free_weight,compound,bilateral,no,BEGINNER,yes,weight_reps,6,10,,,,,,band_chest_press | med_ball_slam,active,NEW
exl_jtE9TstBHi,Pec Deck Fly,,chest,,CHEST,FRONT DELTS,MACHINE,machine,isolation,machine,isolation,bilateral,no,BEGINNER,yes,weight_reps,10,15,,,,,,,active,EXISTING
exl_JVMyPP3twH,Push-up,pushup | press up,chest,,CHEST,"TRICEPS, CORE",BODYWEIGHT,bodyweight,horizontal push,bodyweight,compound,bilateral,yes,BEGINNER,yes,bodyweight_reps,6,10,,,,trx_push_up | ring_push_up | archer_push_up | deficit_push_up,,,active,EXISTING
exl_zu0hnhKydg,Ring Dip,,chest,,CHEST,"TRICEPS, FRONT DELTS",RINGS,functional,horizontal push,bodyweight,compound,bilateral,yes,ADVANCED,no,bodyweight_reps,5,10,,,,ring_muscle_up,ring_push_up | ring_support_hold | bench_dip | chest_dip,,active,NEW
exl_Aez8QNHqV7,Ring Push-Up,ring push up,chest,,CHEST,"TRICEPS, CORE",RINGS,functional,horizontal push,bodyweight,compound,bilateral,yes,INTERMEDIATE,no,bodyweight_reps,8,15,,,,ring_dip,push_up,trx_push_up,active,NEW
exl_GvUPqtuJz6,Single-Arm Dumbbell Bench Press,single arm dumbbell bench press | one arm dumbbell bench press | single arm db bench press,chest,,CHEST,"TRICEPS, CORE",DUMBBELL,free weights,horizontal push,free_weight,compound,unilateral,no,INTERMEDIATE,no,weight_reps,8,12,,,,,,dumbbell_bench_press,active,NEW
exl_oIMtiaZWJh,Svend Press,,chest,,CHEST,TRICEPS,DUMBBELL,free weights,horizontal push,free_weight,compound,bilateral,no,BEGINNER,yes,weight_reps,6,10,,,,,,,active,EXISTING
exl_6PyIrc41x3,TRX Push-Up,trx push up,chest,,CHEST,"TRICEPS, CORE",TRX,functional,horizontal push,bodyweight,compound,bilateral,yes,INTERMEDIATE,no,bodyweight_reps,8,15,,,,,push_up,ring_push_up,active,NEW
exl_N9iAkyTvcf,Weighted Dip,,chest,,CHEST,"TRICEPS, FRONT DELTS",BODYWEIGHT,bodyweight,horizontal push,bodyweight,compound,bilateral,yes,ADVANCED,no,weighted_bodyweight,4,8,,,,,assisted_dip | deficit_push_up,,active,EXISTING
exl_wkDLkabVxU,Band Pallof Press,,core,,CORE,OBLIQUES,BANDS,functional,core/anti-movement,bodyweight,isolation,bilateral,no,INTERMEDIATE,no,weight_reps,10,15,,,,,,half_kneeling_pallof,active,EXISTING
exl_tXTQNAS4pq,Bear Crawl,bear hold | bear plank,core,,CORE,"SHOULDERS, QUADS",BODYWEIGHT,bodyweight,loaded carry,bodyweight,compound,bilateral,yes,BEGINNER,yes,distance_time,20,40,,,,,,plank | dead_bug,active,NEW
exl_vAlPBzN2pN,Bird Dog,bird dogs,core,,CORE,"GLUTES, LOWER BACK",BODYWEIGHT,bodyweight,core/anti-movement,bodyweight,isolation,bilateral,yes,BEGINNER,yes,bodyweight_reps,10,15,,,,,,hip_airplane,active,EXISTING
exl_gROOTS2xTp,Dead Bug,dead bugs,core,,CORE,ABS,BODYWEIGHT,bodyweight,core/anti-movement,bodyweight,isolation,bilateral,yes,BEGINNER,yes,bodyweight_reps,10,15,,,,,,bear_crawl,active,EXISTING
exl_jv9FSTvJIX,Dragon Flag,,core,,CORE,"ABS, HIP FLEXORS",BODYWEIGHT,bodyweight,core/anti-movement,bodyweight,isolation,bilateral,yes,ADVANCED,no,bodyweight_reps,10,15,,,,,,,active,EXISTING
exl_FfUeG63YKV,Farmer's Carry,farmers walk | farmer walk | farmers walking | loaded carry walk,core,,CORE,"FOREARMS, TRAPS, GLUTES",DUMBBELL,free weights,loaded carry,free_weight,compound,bilateral,no,BEGINNER,yes,distance_time,20,40,,,,,,sandbag_carry | trap_bar_carry,active,EXISTING
exl_uC5Ht7fi2p,Hollow Body Hold,,core,,CORE,"ABS, HIP FLEXORS",BODYWEIGHT,bodyweight,core/anti-movement,bodyweight,isolation,bilateral,yes,INTERMEDIATE,no,time,30,45,,,,,,,active,EXISTING
exl_piyoDHnboF,Medicine Ball Slam,,core,,CORE,"LATS, SHOULDERS",BODYWEIGHT,bodyweight,loaded carry,bodyweight,compound,bilateral,yes,BEGINNER,yes,distance_time,20,40,,,,,,med_ball_chest_pass,active,EXISTING
exl_ckSrlCA7wr,Mountain Climbers,,core,,CORE,"QUADS, SHOULDERS",BODYWEIGHT,bodyweight,core/anti-movement,bodyweight,isolation,bilateral,yes,BEGINNER,yes,bodyweight_reps,10,15,,,,,,,active,EXISTING
exl_F5ojikEopZ,Pallof Press,pallof,core,,CORE,OBLIQUES,CABLE,cable,core/anti-movement,cable,isolation,bilateral,no,INTERMEDIATE,no,weight_reps,10,15,,,,,,half_kneeling_pallof | cable_woodchop,active,EXISTING
exl_43Q5XYrME0,Plank,front plank,core,,CORE,"ABS, GLUTES",BODYWEIGHT,bodyweight,core/anti-movement,bodyweight,isolation,bilateral,yes,BEGINNER,yes,time,30,45,,,,trx_fallout,,trx_fallout | bear_crawl,active,EXISTING
exl_5DKwRaAf02,Sandbag Bear-Hug Carry,sandbag bear hug carry,core,,CORE,"QUADS, GLUTES, TRAPS",SANDBAG,functional,loaded carry,free_weight,compound,bilateral,no,BEGINNER,yes,distance_time,20,40,,,,,,farmers_carry | suitcase_carry,active,NEW
exl_3IFv6JwS7i,Side Plank,side planks,core,,CORE,"OBLIQUES, GLUTES",BODYWEIGHT,bodyweight,core/anti-movement,bodyweight,isolation,bilateral,yes,BEGINNER,yes,time,30,45,,,,copenhagen_plank | side_plank_rotation,,,active,EXISTING
exl_MWzdmMXXz5,Suitcase Carry,suitcase hold | suitcase carry hold,core,,CORE,"OBLIQUES, FOREARMS, TRAPS",DUMBBELL,free weights,loaded carry,free_weight,compound,unilateral,no,BEGINNER,yes,distance_time,20,40,,,,,,sandbag_carry | suitcase_deadlift,active,EXISTING
exl_byPsgFQAyg,Suitcase Deadlift,,core,,CORE,"QUADS, GLUTES, FOREARMS",DUMBBELL,free weights,hinge,free_weight,compound,unilateral,no,INTERMEDIATE,no,weight_reps,6,10,,,,,,suitcase_carry | trap_bar_deadlift,active,NEW
exl_59uJ8mgazg,TRX Fallout,trx body saw | suspension fallout,core,,CORE,"SHOULDERS, LATS",TRX,functional,core/anti-movement,bodyweight,isolation,bilateral,yes,INTERMEDIATE,no,bodyweight_reps,8,12,,,,ab_wheel,plank,plank | ab_wheel,active,NEW
exl_YLpbWMrW2q,Trap-Bar Carry,hex bar carry | farmer carry trap bar | trap bar carry,core,,CORE,"FOREARMS, TRAPS, GLUTES",TRAP_BAR,free weights,loaded carry,free_weight,compound,bilateral,no,BEGINNER,yes,distance_time,20,40,,,,,,farmers_carry | trap_bar_deadlift,active,NEW
exl_m2DZymyn1E,Waiter Carry,,core,,CORE,"SHOULDERS, FOREARMS",DUMBBELL,free weights,loaded carry,free_weight,compound,bilateral,no,INTERMEDIATE,no,distance_time,20,40,,,,,,,active,EXISTING
exl_SQ9ZJMtDUq,Dead Hang,hang | passive hang,arms,,FOREARMS,"LATS, TRAPS",PULL_UP_BAR,bodyweight,vertical pull,bodyweight,compound,bilateral,yes,BEGINNER,yes,time,30,45,,,,,,,active,EXISTING
exl_0hxM9Z68Sh,Plate Pinch,,arms,,FOREARMS,,BARBELL,free weights,loaded carry,free_weight,compound,bilateral,no,BEGINNER,yes,distance_time,20,40,,,,,,,active,EXISTING
exl_9YbXNeu9LP,Reverse Curl,,arms,,FOREARMS,"BICEPS, BRACHIALIS",BARBELL,free weights,isolation,free_weight,isolation,bilateral,no,BEGINNER,yes,weight_reps,10,15,,,,,,wrist_extension | zottman_curl,active,EXISTING
exl_iCnkFTPq4b,Wrist Curl,,arms,,FOREARMS,,BARBELL,free weights,isolation,free_weight,isolation,bilateral,no,BEGINNER,yes,weight_reps,10,15,,,,,,wrist_extension,active,EXISTING
exl_4KrfFQoyI6,Wrist Extension,reverse wrist curl | wrist extensor curl,arms,,FOREARMS,,DUMBBELL,free weights,isolation,free_weight,isolation,bilateral,no,BEGINNER,yes,weight_reps,15,20,,,,,,reverse_curl | wrist_curl,active,NEW
exl_QL5b8RErNX,Front Raise,,shoulders,FRONT DELTS,FRONT DELTS,SIDE DELTS,DUMBBELL,free weights,isolation,free_weight,isolation,bilateral,no,BEGINNER,yes,weight_reps,10,15,,,,,,,active,EXISTING
exl_vWhJ7Qlfp6,Plate Front Raise,,shoulders,FRONT DELTS,FRONT DELTS,SIDE DELTS,BARBELL,free weights,isolation,free_weight,isolation,bilateral,no,BEGINNER,yes,weight_reps,10,15,,,,,,,active,EXISTING
exl_7wTxi7ro2X,Barbell Snatch,,full body,,FULL BODY,"QUADS, GLUTES, SHOULDERS, CORE",BARBELL,free weights,hinge,free_weight,compound,bilateral,no,ADVANCED,no,weight_reps,4,8,,,,,,,active,EXISTING
exl_uMosBqdb2y,Burpee,,full body,,FULL BODY,"CORE, CHEST, QUADS",BODYWEIGHT,bodyweight,loaded carry,bodyweight,compound,bilateral,yes,INTERMEDIATE,no,distance_time,20,40,,,,,,,active,EXISTING
exl_3v3iZLaPeA,Clean and Jerk,,full body,,FULL BODY,"QUADS, GLUTES, SHOULDERS, CORE",BARBELL,free weights,hinge,free_weight,compound,bilateral,no,ADVANCED,no,weight_reps,4,8,,,,,,,active,EXISTING
exl_79TuZ58q2x,Devil Press,,full body,,FULL BODY,"SHOULDERS, CORE, QUADS",DUMBBELL,free weights,loaded carry,free_weight,compound,bilateral,no,ADVANCED,no,distance_time,20,40,,,,,,,active,EXISTING
exl_i4e8tv8z1i,Landmine Squat-to-Press,landmine thruster | landmine squat to press,full body,,FULL BODY,"QUADS, SHOULDERS, GLUTES",BARBELL,free weights,squat,free_weight,compound,bilateral,no,INTERMEDIATE,no,weight_reps,8,12,,,,,,push_press | thruster,active,NEW
exl_FZ5Qo9cWEo,Power Clean,,full body,,FULL BODY,"QUADS, GLUTES, TRAPS, CORE",BARBELL,free weights,hinge,free_weight,compound,bilateral,no,ADVANCED,no,weight_reps,4,8,,,,,,sandbag_clean,active,EXISTING
exl_jFAdllE4it,Sandbag Clean,,full body,,FULL BODY,"QUADS, GLUTES, TRAPS",SANDBAG,functional,hinge,free_weight,compound,bilateral,no,INTERMEDIATE,no,weight_reps,6,10,,,,,,sandbag_shouldering | power_clean | kettlebell_swing,active,NEW
exl_cMZ4yaWEhA,Sandbag Shouldering,sandbag over shoulder | sandbag shoulder toss,full body,,FULL BODY,"GLUTES, HAMSTRINGS, CORE",SANDBAG,functional,hinge,free_weight,compound,bilateral,no,INTERMEDIATE,no,weight_reps,5,10,,,,,,deadlift | sandbag_clean,active,NEW
exl_G6MPf0mdX9,Sled Pull,sled row | sled drag row,full body,,FULL BODY,"LATS, TRAPS, CORE",BODYWEIGHT,bodyweight,loaded carry,bodyweight,compound,bilateral,yes,INTERMEDIATE,no,distance_time,20,40,,,,,,,active,EXISTING
exl_RHTU3vUGGT,Sled Push,sled,full body,,FULL BODY,"QUADS, GLUTES, CALVES",BODYWEIGHT,bodyweight,loaded carry,bodyweight,compound,bilateral,yes,INTERMEDIATE,no,distance_time,20,40,,,,,,sled_drag_forward | sled_backward_drag,active,EXISTING
exl_3xb74GAeHq,Turkish Get-Up,tgu | turkish get up,full body,,FULL BODY,"CORE, SHOULDERS, GLUTES",KETTLEBELL,free weights,loaded carry,free_weight,compound,bilateral,no,ADVANCED,no,distance_time,20,40,,,,,,,active,EXISTING
exl_A6X3CpmtfB,Banded Hip Thrust,,legs,,GLUTES,"HAMSTRINGS, CORE",BANDS,functional,hinge,bodyweight,compound,bilateral,no,BEGINNER,yes,weight_reps,6,10,,,,,,,active,EXISTING
exl_QvZexaTzIs,Cable Glute Kickback,,legs,,GLUTES,HAMSTRINGS,CABLE,cable,isolation,cable,isolation,bilateral,no,BEGINNER,yes,weight_reps,10,15,,,,,,glute_kickback_machine,active,EXISTING
exl_4T3a7RZn9g,Cable Pull-Through,pull through | pullthrough,legs,,GLUTES,HAMSTRINGS,CABLE,cable,hinge,cable,compound,bilateral,no,INTERMEDIATE,no,weight_reps,6,10,,,,,,,active,EXISTING
exl_Dy7bFVhYmg,Curtsy Lunge,,legs,,GLUTES,"QUADS, ADDUCTORS",DUMBBELL,free weights,lunge,free_weight,compound,bilateral,no,BEGINNER,yes,weight_reps,6,10,,,,,,,active,EXISTING
exl_aES6BsvgiD,Dumbbell Hip Thrust,,legs,,GLUTES,"HAMSTRINGS, CORE",DUMBBELL,free weights,hinge,free_weight,compound,bilateral,no,BEGINNER,yes,weight_reps,6,10,,,,,,smith_hip_thrust | hip_thrust_machine,active,EXISTING
exl_62Mltj9Pso,Dumbbell Swing,,legs,,GLUTES,"HAMSTRINGS, LOWER BACK, CORE",DUMBBELL,free weights,hinge,free_weight,compound,bilateral,no,INTERMEDIATE,no,weight_reps,6,10,,,,,,,active,EXISTING
exl_Jw3cCnT1mM,Frog Pump,,legs,,GLUTES,HAMSTRINGS,BODYWEIGHT,bodyweight,hinge,bodyweight,compound,bilateral,yes,BEGINNER,yes,bodyweight_reps,6,10,,,,,,,active,EXISTING
exl_J5f7y3nN8H,Glute Bridge,hip bridge | glute bridges,legs,,GLUTES,"HAMSTRINGS, CORE",BODYWEIGHT,bodyweight,hinge,bodyweight,compound,bilateral,yes,BEGINNER,yes,bodyweight_reps,6,10,,,,single_leg_hip_thrust,,,active,EXISTING
exl_QcUqacYeVw,Glute Kickback Machine,glute kickback,legs,,GLUTES,HAMSTRINGS,MACHINE,machine,isolation,machine,isolation,unilateral,no,BEGINNER,yes,weight_reps,10,15,,,,,,cable_kickback,active,NEW
exl_8fEYI11QOe,Hip Abduction Machine,hip abduction machine | hip abduction | seated hip abduction | abductor machine | abduction machine | seated abductor,legs,,GLUTES,,MACHINE,machine,isolation,machine,isolation,bilateral,no,BEGINNER,yes,weight_reps,10,15,,,,,,cable_hip_abduction,active,EXISTING
exl_dEY0IJ2xek,Hip Airplane,,legs,,GLUTES,"CORE, HAMSTRINGS",BODYWEIGHT,bodyweight,hinge,bodyweight,compound,unilateral,yes,ADVANCED,no,bodyweight_reps,5,10,,,,,,single_leg_rdl | bird_dog,active,NEW
exl_l0iwFz68vk,Hip Thrust,glute thrust | hip thrusts,legs,,GLUTES,HAMSTRINGS,BARBELL,free weights,hinge,free_weight,compound,bilateral,no,BEGINNER,yes,weight_reps,6,10,,,,,single_leg_hip_thrust,smith_hip_thrust | hip_thrust_machine,active,EXISTING
exl_jGaMghAoP4,Hip Thrust Machine,hip thrust,legs,,GLUTES,HAMSTRINGS,MACHINE,machine,hinge,machine,compound,bilateral,no,BEGINNER,yes,weight_reps,8,15,,,,,,smith_hip_thrust | dumbbell_hip_thrust | hip_thrust,active,NEW
exl_OfEnB6Uo2i,Jefferson Deadlift,,legs,,GLUTES,"QUADS, ADDUCTORS",BARBELL,free weights,hinge,free_weight,compound,bilateral,no,ADVANCED,no,weight_reps,5,8,,,,,,sumo_deadlift | deadlift,active,NEW
exl_cHBxtZ1YWC,Kettlebell Swing,kb swing | russian swing,legs,,GLUTES,"HAMSTRINGS, LOWER BACK, CORE",KETTLEBELL,free weights,hinge,free_weight,compound,bilateral,no,INTERMEDIATE,no,weight_reps,6,10,,,,,,sandbag_clean,active,EXISTING
exl_6C135S6R7M,Lateral Band Walks,,legs,,GLUTES,,BANDS,functional,isolation,bodyweight,isolation,bilateral,no,BEGINNER,yes,weight_reps,10,15,,,,,,cable_hip_abduction,active,EXISTING
exl_XyagfSL80x,Reverse Hack Squat,,legs,,GLUTES,"QUADS, HAMSTRINGS",MACHINE,machine,squat,machine,compound,bilateral,no,INTERMEDIATE,no,weight_reps,8,12,,,,,,pendulum_squat | hack_squat,active,NEW
exl_B987L3glPs,Single-Leg Glute Bridge,,legs,,GLUTES,"HAMSTRINGS, CORE",BODYWEIGHT,bodyweight,hinge,bodyweight,compound,unilateral,yes,BEGINNER,yes,bodyweight_reps,6,10,,,,single_leg_hip_thrust,,,active,EXISTING
exl_n9jfm5IKtd,Single-Leg Hip Thrust,single leg hip thrust,legs,,GLUTES,HAMSTRINGS,BODYWEIGHT,bodyweight,hinge,bodyweight,compound,unilateral,yes,INTERMEDIATE,no,bodyweight_reps,10,15,,,,hip_thrust,single_leg_glute_bridge | glute_bridge,,active,NEW
exl_Sg7PSn1rOO,Smith Machine Hip Thrust,smith hip thrust,legs,,GLUTES,HAMSTRINGS,SMITH,machine,hinge,machine,compound,bilateral,no,BEGINNER,yes,weight_reps,8,15,,,,,,dumbbell_hip_thrust | hip_thrust | hip_thrust_machine,active,NEW
exl_By8OqAoepc,Sumo Deadlift,sumo deads,legs,,GLUTES,"QUADS, HAMSTRINGS, CORE",BARBELL,free weights,hinge,free_weight,compound,bilateral,no,ADVANCED,no,weight_reps,4,8,,,,,,jefferson_deadlift | trap_bar_deadlift,active,EXISTING
exl_IC6Vr8ACzy,B-Stance Romanian Deadlift,staggered stance rdl | kickstand rdl | b stance romanian deadlift,legs,,HAMSTRINGS,GLUTES,DUMBBELL,free weights,hinge,free_weight,compound,unilateral,no,INTERMEDIATE,no,weight_reps,8,12,,,,single_leg_rdl,romanian_deadlift,romanian_deadlift | single_leg_rdl,active,NEW
exl_5IzjO74Qao,Glute-Ham Raise,,legs,,HAMSTRINGS,"GLUTES, LOWER BACK",MACHINE,machine,hinge,machine,compound,bilateral,no,ADVANCED,no,weight_reps,4,8,,,,,,,active,EXISTING
exl_rR5K3qnU0L,Good Morning,,legs,,HAMSTRINGS,"LOWER BACK, GLUTES",BARBELL,free weights,hinge,free_weight,compound,bilateral,no,ADVANCED,no,weight_reps,4,8,,,,,,kang_squat | jefferson_curl,active,EXISTING
exl_SYwIy6Kau3,Kang Squat,,legs,,HAMSTRINGS,"GLUTES, QUADS",BARBELL,free weights,hinge,free_weight,compound,bilateral,no,ADVANCED,no,weight_reps,6,10,,,,,,romanian_deadlift | good_morning,active,NEW
exl_OHcGkQPSLf,Landmine Romanian Deadlift,,legs,,HAMSTRINGS,GLUTES,BARBELL,free weights,hinge,free_weight,compound,bilateral,no,INTERMEDIATE,no,weight_reps,8,12,,,,,,romanian_deadlift | single_leg_rdl,active,NEW
exl_yv3jOurA7H,Leg Curl,hamstring curl | leg curls,legs,,HAMSTRINGS,,MACHINE,machine,isolation,machine,isolation,bilateral,no,BEGINNER,yes,weight_reps,10,15,,,,,,,active,EXISTING
exl_p3fF8OKj5C,Lying Leg Curl,,legs,,HAMSTRINGS,,MACHINE,machine,isolation,machine,isolation,bilateral,no,BEGINNER,yes,weight_reps,10,15,,,,,,trx_hamstring_curl | single_leg_curl,active,EXISTING
exl_Ozl658FJj5,Nordic Curl,nordic hamstring curl,legs,,HAMSTRINGS,"GLUTES, CORE",BODYWEIGHT,bodyweight,hinge,bodyweight,compound,bilateral,yes,ADVANCED,no,bodyweight_reps,4,8,,,,,,trx_hamstring_curl,active,EXISTING
exl_5AzzVIWSwe,Romanian Deadlift,rdl | romanian deadlifts,legs,,HAMSTRINGS,"GLUTES, LOWER BACK",BARBELL,free weights,hinge,free_weight,compound,bilateral,no,INTERMEDIATE,no,weight_reps,6,10,,,,b_stance_rdl | trap_bar_deadlift,,b_stance_rdl | landmine_rdl | kang_squat,active,EXISTING
exl_2yAfoxlEbG,Seated Leg Curl,,legs,,HAMSTRINGS,,MACHINE,machine,isolation,machine,isolation,bilateral,no,BEGINNER,yes,weight_reps,10,15,,,,,,single_leg_curl,active,EXISTING
exl_uUK5nrvdVO,Single-Leg Curl,single leg curl,legs,,HAMSTRINGS,,MACHINE,machine,isolation,machine,isolation,unilateral,no,BEGINNER,yes,weight_reps,10,15,,,,,,seated_leg_curl | lying_leg_curl,active,NEW
exl_NbrXGVagJO,Single-Leg Romanian Deadlift,single leg rdl | one leg rdl,legs,,HAMSTRINGS,"GLUTES, CORE",DUMBBELL,free weights,hinge,free_weight,compound,unilateral,no,INTERMEDIATE,no,weight_reps,6,10,,,,,b_stance_rdl,b_stance_rdl | landmine_rdl | hip_airplane,active,EXISTING
exl_Hr2OJJv87U,Straight-Leg Deadlift,,legs,,HAMSTRINGS,"GLUTES, LOWER BACK",BARBELL,free weights,hinge,free_weight,compound,bilateral,no,INTERMEDIATE,no,weight_reps,6,10,,,,,,,active,EXISTING
exl_4fgBR9pN2j,TRX Hamstring Curl,suspension leg curl | trx leg curl,legs,,HAMSTRINGS,"GLUTES, CORE",TRX,functional,hinge,bodyweight,compound,bilateral,yes,INTERMEDIATE,no,bodyweight_reps,10,15,,,,,,nordic_curl | lying_leg_curl,active,NEW
exl_1gPd753Y0D,Assisted Pull-Up (Machine),assisted pull-up | assisted pull up,back,,LATS,"BICEPS, UPPER BACK",MACHINE,machine,vertical pull,machine,compound,bilateral,no,BEGINNER,yes,weight_reps,6,12,,,,chin_up | pull_up | iso_lateral_pulldown,,lat_pulldown | band_lat_pulldown,active,NEW
exl_whk8J7xwBd,Band Lat Pulldown,,back,,LATS,BICEPS,BANDS,functional,vertical pull,bodyweight,compound,bilateral,no,BEGINNER,yes,weight_reps,6,10,,,,,,assisted_pull_up,active,EXISTING
exl_aAQu8jzYwi,Cable Pullover,,back,,LATS,"CHEST, TRICEPS",CABLE,cable,vertical pull,cable,compound,bilateral,no,BEGINNER,yes,weight_reps,10,15,,,,,,db_pullover | straight_arm_pulldown,active,NEW
exl_0btTRMYlOK,Chin-up,chinup | chin ups,back,,LATS,"BICEPS, UPPER BACK",PULL_UP_BAR,bodyweight,vertical pull,bodyweight,compound,bilateral,yes,INTERMEDIATE,no,weighted_bodyweight,6,10,,,,,assisted_pull_up,,active,EXISTING
exl_oAf7w7xri6,Close-Grip Pulldown,,back,,LATS,BICEPS,CABLE,cable,vertical pull,cable,compound,bilateral,no,BEGINNER,yes,weight_reps,6,10,,,,,,,active,EXISTING
exl_moAGzBnt3N,Dumbbell Row,db row | one arm row | single-arm dumbbell row | single arm dumbbell row | one arm dumbbell row | single arm db row | one arm db row,back,,LATS,"UPPER BACK, BICEPS",DUMBBELL,free weights,horizontal pull,free_weight,compound,bilateral,no,BEGINNER,yes,weight_reps,6,10,,,,,,kroc_row | single_arm_landmine_row | incline_db_row | iso_lateral_row,active,EXISTING
exl_cr6sR3CCur,Iso-Lateral Pulldown,iso lateral pulldown,back,,LATS,"BICEPS, UPPER BACK",MACHINE,machine,vertical pull,machine,compound,unilateral,no,BEGINNER,yes,weight_reps,8,12,,,,,assisted_pull_up,single_arm_pulldown | lat_pulldown,active,NEW
exl_BP0180Oa5t,Kroc Row,heavy dumbbell row | high rep dumbbell row,back,,LATS,"UPPER BACK, BICEPS, FOREARMS",DUMBBELL,free weights,horizontal pull,free_weight,compound,unilateral,no,ADVANCED,no,weight_reps,15,25,,,,,,meadows_row | dumbbell_row,active,NEW
exl_f0Xvtpt00I,Lat Pulldown,lat pull down | pulldown | pull down | lat pull | lat pulls,back,,LATS,"BICEPS, REAR DELTS",CABLE,cable,vertical pull,cable,compound,bilateral,no,BEGINNER,yes,weight_reps,6,10,,,,,,assisted_pull_up | iso_lateral_pulldown,active,EXISTING
exl_GJk4VQsNZN,Meadows Row,,back,,LATS,"UPPER BACK, BICEPS",BARBELL,free weights,horizontal pull,free_weight,compound,bilateral,no,ADVANCED,no,weight_reps,4,8,,,,,,kroc_row | single_arm_landmine_row,active,EXISTING
exl_QcTR5GIKpP,Muscle-Up,,back,,LATS,"TRICEPS, CHEST, CORE",PULL_UP_BAR,bodyweight,vertical pull,bodyweight,compound,bilateral,yes,ADVANCED,no,weighted_bodyweight,4,8,,,,,,,active,EXISTING
exl_U3cUW72li1,Pull-up,pullup | pull ups,back,,LATS,"BICEPS, UPPER BACK",PULL_UP_BAR,bodyweight,vertical pull,bodyweight,compound,bilateral,yes,INTERMEDIATE,no,weighted_bodyweight,6,10,,,,ring_muscle_up,assisted_pull_up | trx_row,,active,EXISTING
exl_QbWXdNHLnL,Reverse-Grip Pulldown,,back,,LATS,BICEPS,CABLE,cable,vertical pull,cable,compound,bilateral,no,INTERMEDIATE,no,weight_reps,6,10,,,,,,,active,EXISTING
exl_eicJyAfnR5,Ring Muscle-Up,ring muscle up,back,,LATS,"TRICEPS, CHEST, CORE",RINGS,functional,vertical pull,bodyweight,compound,bilateral,yes,ADVANCED,no,bodyweight_reps,3,6,,,,,pull_up | ring_dip,,active,NEW
exl_hedDilTc9c,Rope Climb,,back,,LATS,"FOREARMS, BICEPS, CORE",BODYWEIGHT,bodyweight,vertical pull,bodyweight,compound,bilateral,yes,ADVANCED,no,bodyweight_reps,4,8,,,,,,,active,EXISTING
exl_E4RYGNIPhQ,Single-Arm Cable Row,,back,,LATS,"UPPER BACK, BICEPS",CABLE,cable,horizontal pull,cable,compound,unilateral,no,BEGINNER,yes,weight_reps,6,10,,,,,,,active,EXISTING
exl_DxkyLLj8iI,Single-Arm Pulldown,single-arm lat pulldown | single arm lat pulldown | one arm lat pulldown | single arm pulldown machine,back,,LATS,BICEPS,CABLE,cable,vertical pull,cable,compound,unilateral,no,BEGINNER,yes,weight_reps,6,10,,,,,,iso_lateral_pulldown,active,EXISTING
exl_QZWhK8Mrsu,Straight-Arm Pulldown,,back,,LATS,"TRICEPS, CORE",CABLE,cable,vertical pull,cable,compound,bilateral,no,BEGINNER,yes,weight_reps,6,10,,,,,,cable_pullover,active,EXISTING
exl_7QRgNEtckx,Wide-Grip Lat Pulldown,,back,,LATS,"REAR DELTS, BICEPS",CABLE,cable,vertical pull,cable,compound,bilateral,no,BEGINNER,yes,weight_reps,6,10,,,,,,,active,EXISTING
exl_WMw4TJF9Ny,Yates Row,,back,,LATS,"UPPER BACK, BICEPS",BARBELL,free weights,horizontal pull,free_weight,compound,bilateral,no,INTERMEDIATE,no,weight_reps,6,10,,,,,,,active,EXISTING
exl_Ha519Nk6y2,Back Extension,,back,,LOWER BACK,"GLUTES, HAMSTRINGS",BODYWEIGHT,bodyweight,hinge,bodyweight,compound,bilateral,yes,BEGINNER,yes,bodyweight_reps,6,10,,,,,,jefferson_curl,active,EXISTING
exl_ZydzhE177b,Jefferson Curl,,back,,LOWER BACK,HAMSTRINGS,DUMBBELL,free weights,hinge,free_weight,compound,bilateral,no,INTERMEDIATE,no,weight_reps,6,10,,,,,,back_extension | good_morning,active,NEW
exl_Pl5gKM22eZ,Reverse Hyperextension,,back,,LOWER BACK,"GLUTES, HAMSTRINGS",MACHINE,machine,hinge,machine,compound,bilateral,no,INTERMEDIATE,no,weight_reps,6,10,,,,,,,active,EXISTING
exl_VqKosn40O2,Decline Barbell Press,decline bench press | decline press,chest,LOWER CHEST,LOWER CHEST,"TRICEPS, FRONT DELTS",BARBELL,free weights,horizontal push,free_weight,compound,bilateral,no,INTERMEDIATE,no,weight_reps,6,10,,,,,,,active,EXISTING
exl_EVTTOKiVNw,Decline Dumbbell Press,,chest,LOWER CHEST,LOWER CHEST,"TRICEPS, FRONT DELTS",DUMBBELL,free weights,horizontal push,free_weight,compound,bilateral,no,INTERMEDIATE,no,weight_reps,6,10,,,,,,,active,EXISTING
exl_K28Q4xrElJ,High Cable Fly,,chest,LOWER CHEST,LOWER CHEST,FRONT DELTS,CABLE,cable,isolation,cable,isolation,bilateral,no,BEGINNER,yes,weight_reps,10,15,,,,,,,active,EXISTING
exl_rjq4gtc6AK,Ankle Rocker,,mobility,,MOBILITY,"CALVES, ANKLES",BODYWEIGHT,bodyweight,mobility,bodyweight,isolation,bilateral,yes,BEGINNER,yes,bodyweight_reps,10,15,,,,,,,active,EXISTING
exl_Xhtjy0Rwwr,Band Shoulder Dislocate,dislocates | band dislocates,mobility,,MOBILITY,"SHOULDERS, CHEST",BANDS,functional,mobility,bodyweight,isolation,bilateral,no,BEGINNER,yes,weight_reps,10,15,,,,,,,active,EXISTING
exl_lm2I2iw4q6,Cat-Cow,,mobility,,MOBILITY,"SPINE, CORE",BODYWEIGHT,bodyweight,mobility,bodyweight,isolation,bilateral,yes,BEGINNER,yes,bodyweight_reps,10,15,,,,,,,active,EXISTING
exl_JAYqLWZknl,Couch Stretch,hip flexor stretch,mobility,,MOBILITY,"HIP FLEXORS, QUADS",BODYWEIGHT,bodyweight,mobility,bodyweight,isolation,bilateral,yes,BEGINNER,yes,bodyweight_reps,10,15,,,,,,,active,EXISTING
exl_lH8xO4wPJu,Deep Squat Hold,squat hold,mobility,,MOBILITY,"QUADS, HIPS, CALVES",BODYWEIGHT,bodyweight,mobility,bodyweight,isolation,bilateral,yes,BEGINNER,yes,time,30,45,,,,,,,active,EXISTING
exl_wvh5VOsnej,Pigeon Pose,pigeon,mobility,,MOBILITY,"GLUTES, HIPS",BODYWEIGHT,bodyweight,mobility,bodyweight,isolation,bilateral,yes,BEGINNER,yes,bodyweight_reps,10,15,,,,,,,active,EXISTING
exl_GhtK300FxV,Thoracic Rotation,,mobility,,MOBILITY,"SPINE, SHOULDERS",BODYWEIGHT,bodyweight,mobility,bodyweight,isolation,bilateral,yes,BEGINNER,yes,bodyweight_reps,10,15,,,,,,,active,EXISTING
exl_qZX5FVhFos,Wall Slide,,mobility,,MOBILITY,"SHOULDERS, UPPER BACK",BODYWEIGHT,bodyweight,mobility,bodyweight,isolation,bilateral,yes,BEGINNER,yes,bodyweight_reps,10,15,,,,,,,active,EXISTING
exl_aNNqSo66au,World Greatest Stretch,wgs | worlds greatest,mobility,,MOBILITY,"HIPS, HAMSTRINGS, SPINE",BODYWEIGHT,bodyweight,mobility,bodyweight,isolation,bilateral,yes,BEGINNER,yes,bodyweight_reps,10,15,,,,,,,active,EXISTING
exl_zV9ZL7PbBt,Cable Woodchopper,cable chop | wood chopper | high to low chop | low to high chop | cable lift,core,,OBLIQUES,CORE,CABLE,cable,core/anti-movement,cable,isolation,bilateral,no,BEGINNER,yes,weight_reps,10,15,,,,,,med_ball_rotational_throw | landmine_rotation | pallof_press,active,NEW
exl_o6NcfClJkh,Half-Kneeling Pallof Press,tall kneeling pallof press | kneeling pallof | pallof iso hold | half kneeling pallof press,core,,OBLIQUES,CORE,CABLE,cable,core/anti-movement,cable,isolation,bilateral,no,INTERMEDIATE,no,weight_reps,10,15,,,,,,pallof_press | band_pallof,active,NEW
exl_mdU9ukhR6D,Landmine Rotation,landmine twist | landmine oblique twist,core,,OBLIQUES,"CORE, SHOULDERS",BARBELL,free weights,core/anti-movement,free_weight,isolation,bilateral,no,INTERMEDIATE,no,weight_reps,8,12,,,,,,med_ball_rotational_throw | russian_twist | cable_woodchop,active,NEW
exl_ZBmejLnUIY,Medicine Ball Rotational Throw,med ball side throw | rotational wall throw,core,,OBLIQUES,"CORE, SHOULDERS",MEDICINE_BALL,functional,core/anti-movement,free_weight,isolation,bilateral,no,INTERMEDIATE,no,weight_reps,6,10,,,,,,landmine_rotation | cable_woodchop,active,NEW
exl_Xb4D9H7suV,Oblique Crunch,,core,,OBLIQUES,CORE,BODYWEIGHT,bodyweight,core/anti-movement,bodyweight,isolation,bilateral,yes,BEGINNER,yes,bodyweight_reps,12,20,,,,,,russian_twist | bicycle_crunch,active,NEW
exl_PUxx4kmT4w,Side Plank with Rotation,,core,,OBLIQUES,"CORE, SHOULDERS",BODYWEIGHT,bodyweight,core/anti-movement,bodyweight,isolation,bilateral,yes,INTERMEDIATE,no,bodyweight_reps,8,12,,,,,side_plank,,active,NEW
exl_aQmgByyKEt,Deadlift,conventional deadlift | barbell deadlift,back,,POSTERIOR CHAIN,"LATS, CORE, TRAPS",BARBELL,free weights,hinge,free_weight,compound,bilateral,no,ADVANCED,no,weight_reps,4,8,,,,,,jefferson_deadlift | sandbag_shouldering | trap_bar_deadlift,active,EXISTING
exl_w3Nxox012v,Deficit Deadlift,,back,,POSTERIOR CHAIN,"LATS, CORE, TRAPS",BARBELL,free weights,hinge,free_weight,compound,bilateral,no,ADVANCED,no,weight_reps,4,8,,,,,,,active,EXISTING
exl_ifyolznWBF,Trap-Bar Deadlift,hex bar deadlift | trap bar deadlift,back,,POSTERIOR CHAIN,"QUADS, GLUTES, TRAPS",TRAP_BAR,free weights,hinge,free_weight,compound,bilateral,no,INTERMEDIATE,no,weight_reps,5,8,,,,,romanian_deadlift,trap_bar_carry | suitcase_deadlift | sumo_deadlift | deadlift,active,NEW
exl_trYz3BbueS,Back Squat,barbell squat | back squat | squats,legs,,QUADS,"GLUTES, CORE",BARBELL,free weights,squat,free_weight,compound,bilateral,no,INTERMEDIATE,no,weight_reps,6,10,,,,,,,active,EXISTING
exl_h0tGBwjusn,Backward Sled Drag,reverse sled drag | backward prowler drag,legs,,QUADS,"GLUTES, CALVES",SLED,functional,loaded carry,free_weight,compound,bilateral,no,BEGINNER,yes,distance_time,20,40,,,,,,sled_push | leg_extension,active,NEW
exl_N3ZD91ox5u,Banded Squat,band squats,legs,,QUADS,"GLUTES, CORE",BANDS,functional,squat,bodyweight,compound,bilateral,no,BEGINNER,yes,weight_reps,6,10,,,,,,,active,EXISTING
exl_qyS3OJcP88,Belt Squat,,legs,,QUADS,GLUTES,MACHINE,machine,squat,machine,compound,bilateral,no,INTERMEDIATE,no,weight_reps,8,15,,,,,,pendulum_squat | hack_squat | leg_press,active,NEW
exl_182ez20Cxb,Box Jump,box jumps,legs,,QUADS,"GLUTES, CALVES",BODYWEIGHT,bodyweight,squat,bodyweight,compound,bilateral,yes,INTERMEDIATE,no,bodyweight_reps,6,10,,,,depth_jump,,trap_bar_jump | depth_jump | broad_jump,active,EXISTING
exl_C4f1hW7uTL,Box Squat,,legs,,QUADS,"GLUTES, HAMSTRINGS",BARBELL,free weights,squat,free_weight,compound,bilateral,no,INTERMEDIATE,no,weight_reps,6,10,,,,,,,active,EXISTING
exl_qIOkS3CeXJ,Broad Jump,standing long jump | horizontal jump,legs,,QUADS,"GLUTES, HAMSTRINGS",BODYWEIGHT,bodyweight,squat,bodyweight,compound,bilateral,yes,INTERMEDIATE,no,bodyweight_reps,3,6,,,,,,box_jump | jump_squat,active,NEW
exl_Aqp7nWZPBJ,Bulgarian Split Squat,bss | split squat,legs,,QUADS,"GLUTES, HAMSTRINGS",DUMBBELL,free weights,lunge,free_weight,compound,unilateral,no,INTERMEDIATE,no,weight_reps,6,10,,,,,,single_leg_press,active,EXISTING
exl_JjXr6xVobj,Depth Jump,,legs,,QUADS,"GLUTES, CALVES",PLYO_BOX,functional,squat,bodyweight,compound,bilateral,no,ADVANCED,no,bodyweight_reps,3,5,,,,,box_jump,box_jump | jump_squat,active,NEW
exl_ggWyeksLiH,Dumbbell Thruster,thrusters | db thruster,legs,,QUADS,"SHOULDERS, GLUTES, CORE",DUMBBELL,free weights,squat,free_weight,compound,bilateral,no,INTERMEDIATE,no,weight_reps,6,10,,,,,,landmine_squat_press,active,EXISTING
exl_Kp5zjzbVVb,Forward Sled Drag,,legs,,QUADS,"GLUTES, CALVES",SLED,functional,loaded carry,free_weight,compound,bilateral,no,BEGINNER,yes,distance_time,20,40,,,,,,sled_push,active,NEW
exl_eUof30qtJ4,Front Squat,front squats,legs,,QUADS,"CORE, GLUTES",BARBELL,free weights,squat,free_weight,compound,bilateral,no,ADVANCED,no,weight_reps,4,8,,,,,,,active,EXISTING
exl_zP2Y3sBLWU,Goblet Squat,goblet squats,legs,,QUADS,"GLUTES, CORE",DUMBBELL,free weights,squat,free_weight,compound,bilateral,no,BEGINNER,yes,weight_reps,6,10,,,,,,,active,EXISTING
exl_dsly2PLzmQ,Hack Squat,hack squats,legs,,QUADS,GLUTES,MACHINE,machine,squat,machine,compound,bilateral,no,INTERMEDIATE,no,weight_reps,6,10,,,,,,pendulum_squat | reverse_hack_squat | belt_squat,active,EXISTING
exl_DPkbFyN4Q7,Jump Squat,,legs,,QUADS,"GLUTES, CALVES",BODYWEIGHT,bodyweight,squat,bodyweight,compound,bilateral,yes,INTERMEDIATE,no,bodyweight_reps,6,10,,,,,,trap_bar_jump | depth_jump | broad_jump,active,EXISTING
exl_y9u67D0adE,Lateral Box Step-Up,,legs,,QUADS,"GLUTES, CORE",BODYWEIGHT,bodyweight,lunge,bodyweight,compound,bilateral,yes,BEGINNER,yes,bodyweight_reps,6,10,,,,,,,active,EXISTING
exl_q2sHQKrgTs,Lateral Lunge,,legs,,QUADS,"GLUTES, ADDUCTORS",DUMBBELL,free weights,lunge,free_weight,compound,bilateral,no,BEGINNER,yes,weight_reps,6,10,,,,cossack_squat,,cossack_squat,active,EXISTING
exl_aGYEJ6pMfL,Leg Extension,leg extensions | quads extension,legs,,QUADS,,MACHINE,machine,isolation,machine,isolation,bilateral,no,BEGINNER,yes,weight_reps,10,15,,,,,,reverse_nordic | single_leg_extension | sled_backward_drag,active,EXISTING
exl_ezjMRCCa3i,Leg Press,seated leg press | horizontal leg press,legs,,QUADS,"GLUTES, HAMSTRINGS",MACHINE,machine,squat,machine,compound,bilateral,no,BEGINNER,yes,weight_reps,6,10,,,,,,single_leg_press | pendulum_squat | belt_squat,active,EXISTING
exl_Sae5wBvsoY,Narrow-Stance Leg Press,,legs,,QUADS,GLUTES,LEG_PRESS,machine,squat,machine,compound,bilateral,no,BEGINNER,yes,weight_reps,6,10,,,,,,,active,EXISTING
exl_MrKyXshAp0,Pendulum Squat,,legs,,QUADS,GLUTES,MACHINE,machine,squat,machine,compound,bilateral,no,INTERMEDIATE,no,weight_reps,8,12,,,,,,smith_squat | hack_squat | leg_press | reverse_hack_squat | belt_squat,active,NEW
exl_duFxNaMX1q,Pistol Squat,,legs,,QUADS,"GLUTES, CORE",BODYWEIGHT,bodyweight,squat,bodyweight,compound,unilateral,yes,ADVANCED,no,bodyweight_reps,4,8,,,,,trx_pistol_squat,,active,EXISTING
exl_2R3y6kAMbD,Reverse Lunge,,legs,,QUADS,"GLUTES, CORE",DUMBBELL,free weights,lunge,free_weight,compound,bilateral,no,BEGINNER,yes,weight_reps,6,10,,,,,,,active,EXISTING
exl_IYX0G32nPG,Reverse Nordic Curl,reverse nordic | kneeling quad extension,legs,,QUADS,CORE,BODYWEIGHT,bodyweight,isolation,bodyweight,isolation,bilateral,yes,INTERMEDIATE,no,bodyweight_reps,6,12,,,,,sissy_squat,sissy_squat | leg_extension,active,NEW
exl_Rk6QQpB4Qh,Single-Leg Extension,single leg extension,legs,,QUADS,,MACHINE,machine,isolation,machine,isolation,unilateral,no,BEGINNER,yes,weight_reps,10,15,,,,,,leg_extension,active,NEW
exl_0ANkQjg8GA,Single-Leg Press,single leg press,legs,,QUADS,"GLUTES, HAMSTRINGS",MACHINE,machine,squat,machine,compound,unilateral,no,BEGINNER,yes,weight_reps,10,15,,,,,,bulgarian_split_squat | leg_press,active,NEW
exl_MZppQU6sFX,Sissy Squat,,legs,,QUADS,CORE,BODYWEIGHT,bodyweight,squat,bodyweight,compound,bilateral,yes,INTERMEDIATE,no,bodyweight_reps,6,10,,,,reverse_nordic,,reverse_nordic,active,EXISTING
exl_9gz5GXXzP0,Smith Machine Squat,,legs,,QUADS,"GLUTES, CORE",SMITH,machine,squat,machine,compound,bilateral,no,BEGINNER,yes,weight_reps,6,10,,,,,,pendulum_squat,active,EXISTING
exl_U40XvCG7l1,Split Squat,,legs,,QUADS,GLUTES,BODYWEIGHT,bodyweight,lunge,bodyweight,compound,unilateral,yes,BEGINNER,yes,bodyweight_reps,6,10,,,,trx_pistol_squat,,,active,EXISTING
exl_l87pPcZDXJ,Squat to Bench,,legs,,QUADS,"GLUTES, CORE",BODYWEIGHT,bodyweight,squat,bodyweight,compound,bilateral,yes,BEGINNER,yes,bodyweight_reps,6,10,,,,,,,active,EXISTING
exl_Vlsy1hs1Sk,Step-Up,,legs,,QUADS,GLUTES,DUMBBELL,free weights,lunge,free_weight,compound,bilateral,no,BEGINNER,yes,weight_reps,6,10,,,,,,,active,EXISTING
exl_zscgAMb0MG,TRX Assisted Pistol Squat,,legs,,QUADS,"GLUTES, CORE",TRX,functional,squat,bodyweight,compound,unilateral,yes,INTERMEDIATE,no,bodyweight_reps,6,10,,,,pistol_squat,split_squat,,active,NEW
exl_8NW4Nv0Idw,Trap-Bar Jump,trap bar jump,legs,,QUADS,"GLUTES, CALVES",TRAP_BAR,free weights,squat,free_weight,compound,bilateral,no,ADVANCED,no,weight_reps,3,6,,,,,,box_jump | jump_squat,active,NEW
exl_OsLoPsGdnk,Walking Lunges,lunge | walking lunge,legs,,QUADS,"GLUTES, CORE",DUMBBELL,free weights,lunge,free_weight,compound,bilateral,no,BEGINNER,yes,weight_reps,6,10,,,,,,,active,EXISTING
exl_FIYCAmKNNo,Wall Sit,wall sits,legs,,QUADS,CORE,BODYWEIGHT,bodyweight,isolation,bodyweight,isolation,bilateral,yes,BEGINNER,yes,time,30,45,,,,,,,active,EXISTING
exl_lSBHuOuF8g,Band Pull-Apart,,shoulders,REAR DELTS,REAR DELTS,"TRAPS, ROTATOR CUFF",BANDS,functional,horizontal pull,bodyweight,compound,bilateral,no,BEGINNER,yes,weight_reps,6,10,,,,,,trx_y_fly,active,EXISTING
exl_Ynco7ZHM34,Dumbbell Rear Delt Row,,shoulders,REAR DELTS,REAR DELTS,"TRAPS, BICEPS",DUMBBELL,free weights,horizontal pull,free_weight,compound,bilateral,no,BEGINNER,yes,weight_reps,6,10,,,,,,,active,EXISTING
exl_AK9ggeUwoY,Face Pull,face pulls,shoulders,REAR DELTS,REAR DELTS,"TRAPS, ROTATOR CUFF",CABLE,cable,horizontal pull,cable,compound,bilateral,no,BEGINNER,yes,weight_reps,6,10,,,,,,cable_y_raise,active,EXISTING
exl_PiT0VOzspe,Rear Delt Fly,,shoulders,REAR DELTS,REAR DELTS,TRAPS,CABLE,cable,isolation,cable,isolation,bilateral,no,BEGINNER,yes,weight_reps,10,15,,,,,,prone_trap_raise,active,EXISTING
exl_L2kXNqzsL7,Reverse Pec Deck,rear delt machine | reverse fly machine,shoulders,REAR DELTS,REAR DELTS,TRAPS,MACHINE,machine,isolation,machine,isolation,bilateral,no,BEGINNER,yes,weight_reps,10,15,,,,,,trx_y_fly,active,EXISTING
exl_u1U36Ip62m,TRX Y-Fly,trx y fly,shoulders,REAR DELTS,REAR DELTS,"TRAPS, UPPER BACK",TRX,functional,horizontal pull,bodyweight,compound,bilateral,yes,INTERMEDIATE,no,bodyweight_reps,10,15,,,,,,reverse_pec_deck | band_pull_apart,active,NEW
exl_O5G3wpy7wH,Arnold Press,arnold presses,shoulders,,SHOULDERS,"TRICEPS, UPPER CHEST",DUMBBELL,free weights,vertical push,free_weight,compound,bilateral,no,INTERMEDIATE,no,weight_reps,6,10,,,,,,,active,EXISTING
exl_wKSMg2WkDg,Dumbbell Clean and Press,,shoulders,,SHOULDERS,"QUADS, GLUTES, TRICEPS",DUMBBELL,free weights,vertical push,free_weight,compound,bilateral,no,ADVANCED,no,weight_reps,4,8,,,,,,,active,EXISTING
exl_SBoqGiSWpJ,Dumbbell Snatch,,shoulders,,SHOULDERS,"QUADS, CORE",DUMBBELL,free weights,vertical push,free_weight,compound,bilateral,no,ADVANCED,no,weight_reps,4,8,,,,,,,active,EXISTING
exl_0jQiVEekjd,Dumbbell Z Press,db z press,shoulders,,SHOULDERS,"TRICEPS, CORE",DUMBBELL,free weights,vertical push,free_weight,compound,bilateral,no,ADVANCED,no,weight_reps,6,10,,,,,,db_shoulder_press | z_press,active,NEW
exl_K0dnHqd2Qz,Handstand Push-up,,shoulders,,SHOULDERS,TRICEPS,BODYWEIGHT,bodyweight,vertical push,bodyweight,compound,bilateral,yes,ADVANCED,no,bodyweight_reps,4,8,,,,,,,active,EXISTING
exl_h2wolmsKFI,Machine Shoulder Press,,shoulders,,SHOULDERS,TRICEPS,MACHINE,machine,vertical push,machine,compound,bilateral,no,BEGINNER,yes,weight_reps,6,10,,,,,,,active,EXISTING
exl_GKQv1qOFNz,Overhead Press,overhead press | ohp | military press | db press,shoulders,,SHOULDERS,"TRICEPS, UPPER CHEST",DUMBBELL,free weights,vertical push,free_weight,compound,bilateral,no,INTERMEDIATE,no,weight_reps,6,10,,,,,,single_arm_db_ohp,active,EXISTING
exl_LueJZtEBuU,Pike Push-up,,shoulders,,SHOULDERS,"TRICEPS, CHEST",BODYWEIGHT,bodyweight,vertical push,bodyweight,compound,bilateral,yes,INTERMEDIATE,no,bodyweight_reps,6,10,,,,,,,active,EXISTING
exl_WdlRhtUBMa,Push Press,push presses,shoulders,,SHOULDERS,"QUADS, TRICEPS, CORE",BARBELL,free weights,vertical push,free_weight,compound,bilateral,no,INTERMEDIATE,no,weight_reps,6,10,,,,,,landmine_squat_press,active,EXISTING
exl_S6G55VWiza,Ring Support Hold,,shoulders,,SHOULDERS,"TRICEPS, CORE",RINGS,functional,core/anti-movement,bodyweight,isolation,bilateral,yes,INTERMEDIATE,no,time,15,30,,,,ring_dip,,,active,NEW
exl_7lpyc9jaqY,Seated Dumbbell Shoulder Press,,shoulders,,SHOULDERS,TRICEPS,DUMBBELL,free weights,vertical push,free_weight,compound,bilateral,no,BEGINNER,yes,weight_reps,6,10,,,,,,db_z_press | single_arm_db_ohp,active,EXISTING
exl_YEM0AKfflh,Single-Arm Dumbbell Overhead Press,single arm dumbbell overhead press | one arm dumbbell overhead press | single arm db overhead press,shoulders,,SHOULDERS,"TRICEPS, CORE",DUMBBELL,free weights,vertical push,free_weight,compound,unilateral,no,INTERMEDIATE,no,weight_reps,8,12,,,,,,db_shoulder_press | shoulder_press,active,NEW
exl_L2Pz1j3XQc,Smith Machine Overhead Press,,shoulders,,SHOULDERS,TRICEPS,SMITH,machine,vertical push,machine,compound,bilateral,no,INTERMEDIATE,no,weight_reps,6,10,,,,,,,active,EXISTING
exl_QGdLa8ShNL,Z Press,,shoulders,,SHOULDERS,"CORE, TRICEPS",BARBELL,free weights,vertical push,free_weight,compound,bilateral,no,ADVANCED,no,weight_reps,4,8,,,,,,db_z_press,active,EXISTING
exl_UHGzlU0kyW,Band Lateral Raise,,shoulders,SIDE DELTS,SIDE DELTS,TRAPS,BANDS,functional,isolation,bodyweight,isolation,bilateral,no,BEGINNER,yes,weight_reps,10,15,,,,,,,active,EXISTING
exl_ft5xEjRwX7,Cable Lateral Raise,,shoulders,SIDE DELTS,SIDE DELTS,TRAPS,CABLE,cable,isolation,cable,isolation,bilateral,no,BEGINNER,yes,weight_reps,10,15,,,,,,,active,EXISTING
exl_Y21pUqeXFp,Lateral Raise,,shoulders,SIDE DELTS,SIDE DELTS,TRAPS,DUMBBELL,free weights,isolation,free_weight,isolation,bilateral,no,BEGINNER,yes,weight_reps,10,15,,,,,,,active,EXISTING
exl_lhNKXPM1DJ,Machine Lateral Raise,,shoulders,SIDE DELTS,SIDE DELTS,TRAPS,MACHINE,machine,isolation,machine,isolation,bilateral,no,BEGINNER,yes,weight_reps,10,15,,,,,,,active,EXISTING
exl_xMpGyFeaXB,Single-Arm Lateral Raise,,shoulders,SIDE DELTS,SIDE DELTS,TRAPS,DUMBBELL,free weights,isolation,free_weight,isolation,unilateral,no,BEGINNER,yes,weight_reps,10,15,,,,,,,active,EXISTING
exl_kMLXAt34u5,Upright Row,,shoulders,SIDE DELTS,SIDE DELTS,TRAPS,BARBELL,free weights,vertical pull,free_weight,compound,bilateral,no,INTERMEDIATE,no,weight_reps,6,10,,,,,,,active,EXISTING
exl_7a8nG6i7Ln,Barbell Shrug,shrugs | barbell shrugs,back,,TRAPS,FOREARMS,BARBELL,free weights,isolation,free_weight,isolation,bilateral,no,BEGINNER,yes,weight_reps,10,15,,,,,,,active,EXISTING
exl_z0dIaMZpT6,Cable Y-Raise,cable y raise,back,,TRAPS,"REAR DELTS, SHOULDERS",CABLE,cable,isolation,cable,isolation,bilateral,no,BEGINNER,yes,weight_reps,12,20,,,,,,prone_trap_raise | face_pull,active,NEW
exl_rBqppDVAy3,Dumbbell Shrug,db shrugs,back,,TRAPS,FOREARMS,DUMBBELL,free weights,isolation,free_weight,isolation,bilateral,no,BEGINNER,yes,weight_reps,10,15,,,,,,,active,EXISTING
exl_TVwb3zvVab,Prone Trap-3 Raise,prone y raise | lower trap raise | trap 3 raise | prone trap 3 raise,back,,TRAPS,REAR DELTS,DUMBBELL,free weights,isolation,free_weight,isolation,bilateral,no,BEGINNER,yes,weight_reps,12,20,,,,,,rear_delt_fly | cable_y_raise,active,NEW
exl_YrP6Y0g7Ls,Band Triceps Pushdown,,arms,,TRICEPS,,BANDS,functional,isolation,bodyweight,isolation,bilateral,no,BEGINNER,yes,weight_reps,10,15,,,,,,,active,EXISTING
exl_2zFNm6gOC7,Bench Dip,,arms,,TRICEPS,"CHEST, FRONT DELTS",BODYWEIGHT,bodyweight,isolation,bodyweight,isolation,bilateral,yes,BEGINNER,yes,weighted_bodyweight,10,15,,,,ring_dip,,,active,EXISTING
exl_xLapQnSJev,Cable Overhead Extension,,arms,,TRICEPS,,CABLE,cable,isolation,cable,isolation,bilateral,no,BEGINNER,yes,weight_reps,10,15,,,,,,,active,EXISTING
exl_W9sZSPcsSs,Close-Grip Bench Press,close grip bench press,arms,,TRICEPS,"CHEST, FRONT DELTS",BARBELL,free weights,horizontal push,free_weight,compound,bilateral,no,INTERMEDIATE,no,weight_reps,6,10,,,,,,,active,EXISTING
exl_DJ70pkdEuO,Diamond Push-up,,arms,,TRICEPS,"CHEST, CORE",BODYWEIGHT,bodyweight,horizontal push,bodyweight,compound,bilateral,yes,INTERMEDIATE,no,bodyweight_reps,6,10,,,,,,,active,EXISTING
exl_1YrXYCJp9V,Dumbbell Kickback,,arms,,TRICEPS,,DUMBBELL,free weights,isolation,free_weight,isolation,bilateral,no,BEGINNER,yes,weight_reps,10,15,,,,,,,active,EXISTING
exl_QPe3n2F3wc,Dumbbell Skull Crusher,db skull crusher,arms,,TRICEPS,,DUMBBELL,free weights,isolation,free_weight,isolation,bilateral,no,INTERMEDIATE,no,weight_reps,10,15,,,,,,skull_crusher | overhead_extension,active,NEW
exl_4sWYoRgffC,JM Press,,arms,,TRICEPS,CHEST,BARBELL,free weights,horizontal push,free_weight,compound,bilateral,no,ADVANCED,no,weight_reps,4,8,,,,,,,active,EXISTING
exl_yQroyjSVKt,Overhead Triceps Extension,overhead triceps extension,arms,,TRICEPS,,DUMBBELL,free weights,isolation,free_weight,isolation,bilateral,no,BEGINNER,yes,weight_reps,10,15,,,,,,db_skull_crusher,active,EXISTING
exl_KF3SN1qOSM,Rope Pushdown,,arms,,TRICEPS,,CABLE,cable,isolation,cable,isolation,bilateral,no,BEGINNER,yes,weight_reps,10,15,,,,,,,active,EXISTING
exl_MzZQxemQ65,Single-Arm Pushdown,single-arm triceps pushdown | single arm triceps pushdown | one arm triceps pushdown | single arm tricep pushdown | one arm pushdown | single arm cable pushdown,arms,,TRICEPS,,CABLE,cable,isolation,cable,isolation,unilateral,no,BEGINNER,yes,weight_reps,10,15,,,,,,,active,EXISTING
exl_sI6NlBwp2A,Skull Crusher,skullcrushers | lying triceps extension,arms,,TRICEPS,,BARBELL,free weights,isolation,free_weight,isolation,bilateral,no,INTERMEDIATE,no,weight_reps,10,15,,,,,,db_skull_crusher,active,EXISTING
exl_UTJnNfkyh4,Triceps Pushdown,pushdown | cable pushdown,arms,,TRICEPS,,CABLE,cable,isolation,cable,isolation,bilateral,no,BEGINNER,yes,weight_reps,10,15,,,,,,,active,EXISTING
exl_N1B7Dei5Ul,V-Bar Pushdown,,arms,,TRICEPS,,CABLE,cable,isolation,cable,isolation,bilateral,no,BEGINNER,yes,weight_reps,10,15,,,,,,,active,EXISTING
exl_sDirM81YI6,Band Row,,back,,UPPER BACK,"LATS, BICEPS",BANDS,functional,horizontal pull,bodyweight,compound,bilateral,no,BEGINNER,yes,weight_reps,6,10,,,,,,,active,EXISTING
exl_MYSxAJyYok,Barbell Row,bent over row | bent-over row,back,,UPPER BACK,"LATS, BICEPS, REAR DELTS",BARBELL,free weights,horizontal pull,free_weight,compound,bilateral,no,INTERMEDIATE,no,weight_reps,6,10,,,,,,smith_row,active,EXISTING
exl_wAEqISTYRa,Chest-Supported Row,chest supported rows,back,,UPPER BACK,"LATS, BICEPS, REAR DELTS",MACHINE,machine,horizontal pull,machine,compound,bilateral,no,BEGINNER,yes,weight_reps,6,10,,,,,,incline_db_row | iso_lateral_row | seal_row,active,EXISTING
exl_I0lqRQp4tK,Incline Dumbbell Row,incline db row,back,,UPPER BACK,"LATS, BICEPS",DUMBBELL,free weights,horizontal pull,free_weight,compound,bilateral,no,BEGINNER,yes,weight_reps,10,15,,,,,,dumbbell_row | chest_supported_row,active,NEW
exl_lOXPea831i,Inverted Row,bodyweight row | horizontal row,back,,UPPER BACK,"LATS, BICEPS",BODYWEIGHT,bodyweight,horizontal pull,bodyweight,compound,bilateral,yes,BEGINNER,yes,bodyweight_reps,6,10,,,,,,ring_row | trx_row,active,EXISTING
exl_eWhLtbcfhK,Iso-Lateral Row,iso lateral row,back,,UPPER BACK,"LATS, BICEPS",MACHINE,machine,horizontal pull,machine,compound,unilateral,no,BEGINNER,yes,weight_reps,8,12,,,,,,seated_row | dumbbell_row | chest_supported_row,active,NEW
exl_i0lcmpRUiS,Pendlay Row,pendlay rows,back,,UPPER BACK,"LATS, BICEPS, REAR DELTS",BARBELL,free weights,horizontal pull,free_weight,compound,bilateral,no,ADVANCED,no,weight_reps,4,8,,,,,,smith_row | seal_row,active,EXISTING
exl_2OWpPvwQES,Rack Pull,rack pulls,back,,UPPER BACK,"TRAPS, GLUTES, HAMSTRINGS",BARBELL,free weights,hinge,free_weight,compound,bilateral,no,INTERMEDIATE,no,weight_reps,6,10,,,,,,,active,EXISTING
exl_EFWEIE1nNc,Ring Row,archer ring row | gymnastic ring row,back,,UPPER BACK,"LATS, BICEPS",RINGS,functional,horizontal pull,bodyweight,compound,bilateral,yes,BEGINNER,yes,bodyweight_reps,8,15,,,,,,inverted_row | trx_row,active,NEW
exl_uStLnMftJn,Seal Row,,back,,UPPER BACK,"LATS, REAR DELTS",BARBELL,free weights,horizontal pull,free_weight,compound,bilateral,no,INTERMEDIATE,no,weight_reps,8,12,,,,,,pendlay_row | chest_supported_row,active,NEW
exl_k8vMswAfio,Seated Cable Row,cable row | seated cable row,back,,UPPER BACK,"LATS, BICEPS",CABLE,cable,horizontal pull,cable,compound,bilateral,no,BEGINNER,yes,weight_reps,6,10,,,,,,iso_lateral_row,active,EXISTING
exl_EtbdYFfAAi,Single-Arm Landmine Row,landmine row | one arm landmine row | single arm landmine row,back,,UPPER BACK,"LATS, BICEPS",BARBELL,free weights,horizontal pull,free_weight,compound,unilateral,no,INTERMEDIATE,no,weight_reps,8,12,,,,,,meadows_row | dumbbell_row,active,NEW
exl_NWgnuFJVR7,Smith Machine Row,smith row,back,,UPPER BACK,"LATS, BICEPS",SMITH,machine,horizontal pull,machine,compound,bilateral,no,BEGINNER,yes,weight_reps,8,12,,,,,,barbell_row | pendlay_row,active,NEW
exl_bQ5xoVIMBL,T-Bar Row,,back,,UPPER BACK,"LATS, BICEPS",BARBELL,free weights,horizontal pull,free_weight,compound,bilateral,no,INTERMEDIATE,no,weight_reps,6,10,,,,,,,active,EXISTING
exl_tc4Xlbwqd1,TRX Row,suspension row | trx inverted row,back,,UPPER BACK,"LATS, BICEPS",TRX,functional,horizontal pull,bodyweight,compound,bilateral,yes,BEGINNER,yes,bodyweight_reps,8,15,,,,pull_up,,ring_row | inverted_row,active,NEW
exl_ETPJCe2xTe,Decline Push-up,,chest,UPPER CHEST,UPPER CHEST,"TRICEPS, CORE",BODYWEIGHT,bodyweight,horizontal push,bodyweight,compound,bilateral,yes,INTERMEDIATE,no,bodyweight_reps,6,10,,,,,,,active,EXISTING
exl_FCVzFB77Wa,Incline Barbell Press,incline bench press | incline press | incline bench,chest,UPPER CHEST,UPPER CHEST,"FRONT DELTS, TRICEPS",BARBELL,free weights,horizontal push,free_weight,compound,bilateral,no,INTERMEDIATE,no,weight_reps,6,10,,,,,,,active,EXISTING
exl_1OtMUrnesp,Incline Dumbbell Press,incline db press | incline dumbbell,chest,UPPER CHEST,UPPER CHEST,"FRONT DELTS, TRICEPS",DUMBBELL,free weights,horizontal push,free_weight,compound,bilateral,no,INTERMEDIATE,no,weight_reps,6,10,,,,,,,active,EXISTING
exl_z9Xupq5lUa,Low Cable Fly,,chest,UPPER CHEST,UPPER CHEST,FRONT DELTS,CABLE,cable,isolation,cable,isolation,bilateral,no,BEGINNER,yes,weight_reps,10,15,,,,,,,active,EXISTING
