exercise,tier,body_weight_kg,baseline_rate_kcal_min,correction_kcal_min,active_rate_kcal_min,duration_min,estimated_kcal,flags
BENCH_PRESS,light,78.67,4.1301749999999995,0.109,4.2391749999999995,30,127,
BENCH_PRESS,light,78.67,4.1301749999999995,0.109,4.2391749999999995,45,191,
BENCH_PRESS,light,78.67,4.1301749999999995,0.109,4.2391749999999995,60,254,
BENCH_PRESS,light,78.67,4.1301749999999995,0.109,4.2391749999999995,75,318,
BENCH_PRESS,light,78.67,4.1301749999999995,0.109,4.2391749999999995,90,382,
BENCH_PRESS,light,78.67,4.1301749999999995,0.109,4.2391749999999995,120,509,
BENCH_PRESS,moderate,78.67,6.1952625,-1.672,4.5232625,30,136,
BENCH_PRESS,moderate,78.67,6.1952625,-1.672,4.5232625,45,204,
BENCH_PRESS,moderate,78.67,6.1952625,-1.672,4.5232625,60,271,
BENCH_PRESS,moderate,78.67,6.1952625,-1.672,4.5232625,75,339,
BENCH_PRESS,moderate,78.67,6.1952625,-1.672,4.5232625,90,407,
BENCH_PRESS,moderate,78.67,6.1952625,-1.672,4.5232625,120,543,
BENCH_PRESS,hard,78.67,8.260349999999999,3.172,11.43235,30,343,
BENCH_PRESS,hard,78.67,8.260349999999999,3.172,11.43235,45,514,
BENCH_PRESS,hard,78.67,8.260349999999999,3.172,11.43235,60,686,
BENCH_PRESS,hard,78.67,8.260349999999999,3.172,11.43235,75,857,
BENCH_PRESS,hard,78.67,8.260349999999999,3.172,11.43235,90,1029,
BENCH_PRESS,hard,78.67,8.260349999999999,3.172,11.43235,120,1372,
INCLINE_BENCH_PRESS,light,78.67,4.1301749999999995,1.094,5.224175,30,157,
INCLINE_BENCH_PRESS,light,78.67,4.1301749999999995,1.094,5.224175,45,235,
INCLINE_BENCH_PRESS,light,78.67,4.1301749999999995,1.094,5.224175,60,313,
INCLINE_BENCH_PRESS,light,78.67,4.1301749999999995,1.094,5.224175,75,392,
INCLINE_BENCH_PRESS,light,78.67,4.1301749999999995,1.094,5.224175,90,470,
INCLINE_BENCH_PRESS,light,78.67,4.1301749999999995,1.094,5.224175,120,627,
INCLINE_BENCH_PRESS,moderate,78.67,6.1952625,-0.031,6.1642625,30,185,
INCLINE_BENCH_PRESS,moderate,78.67,6.1952625,-0.031,6.1642625,45,277,
INCLINE_BENCH_PRESS,moderate,78.67,6.1952625,-0.031,6.1642625,60,370,
INCLINE_BENCH_PRESS,moderate,78.67,6.1952625,-0.031,6.1642625,75,462,
INCLINE_BENCH_PRESS,moderate,78.67,6.1952625,-0.031,6.1642625,90,555,
INCLINE_BENCH_PRESS,moderate,78.67,6.1952625,-0.031,6.1642625,120,740,
INCLINE_BENCH_PRESS,hard,78.67,8.260349999999999,8.422,16.68235,30,500,rate>12kcal/min
INCLINE_BENCH_PRESS,hard,78.67,8.260349999999999,8.422,16.68235,45,751,rate>12kcal/min
INCLINE_BENCH_PRESS,hard,78.67,8.260349999999999,8.422,16.68235,60,1001,rate>12kcal/min
INCLINE_BENCH_PRESS,hard,78.67,8.260349999999999,8.422,16.68235,75,1251,rate>12kcal/min
INCLINE_BENCH_PRESS,hard,78.67,8.260349999999999,8.422,16.68235,90,1501,rate>12kcal/min;session>1500kcal
INCLINE_BENCH_PRESS,hard,78.67,8.260349999999999,8.422,16.68235,120,2002,rate>12kcal/min;session>1500kcal
BARBELL_SQUAT,light,78.67,4.1301749999999995,6.406,10.536175,30,316,
BARBELL_SQUAT,light,78.67,4.1301749999999995,6.406,10.536175,45,474,
BARBELL_SQUAT,light,78.67,4.1301749999999995,6.406,10.536175,60,632,
BARBELL_SQUAT,light,78.67,4.1301749999999995,6.406,10.536175,75,790,
BARBELL_SQUAT,light,78.67,4.1301749999999995,6.406,10.536175,90,948,
BARBELL_SQUAT,light,78.67,4.1301749999999995,6.406,10.536175,120,1264,
BARBELL_SQUAT,moderate,78.67,6.1952625,5.359,11.5542625,30,347,
BARBELL_SQUAT,moderate,78.67,6.1952625,5.359,11.5542625,45,520,
BARBELL_SQUAT,moderate,78.67,6.1952625,5.359,11.5542625,60,693,
BARBELL_SQUAT,moderate,78.67,6.1952625,5.359,11.5542625,75,867,
BARBELL_SQUAT,moderate,78.67,6.1952625,5.359,11.5542625,90,1040,
BARBELL_SQUAT,moderate,78.67,6.1952625,5.359,11.5542625,120,1387,
BARBELL_SQUAT,hard,78.67,8.260349999999999,27.969,36.22935,30,1087,rate>20kcal/min
BARBELL_SQUAT,hard,78.67,8.260349999999999,27.969,36.22935,45,1630,rate>20kcal/min;session>1500kcal
BARBELL_SQUAT,hard,78.67,8.260349999999999,27.969,36.22935,60,2174,rate>20kcal/min;session>1500kcal
BARBELL_SQUAT,hard,78.67,8.260349999999999,27.969,36.22935,75,2717,rate>20kcal/min;session>1500kcal
BARBELL_SQUAT,hard,78.67,8.260349999999999,27.969,36.22935,90,3261,rate>20kcal/min;session>1500kcal
BARBELL_SQUAT,hard,78.67,8.260349999999999,27.969,36.22935,120,4348,rate>20kcal/min;session>1500kcal
LEG_PRESS,light,78.67,4.1301749999999995,2.141,6.2711749999999995,30,188,
LEG_PRESS,light,78.67,4.1301749999999995,2.141,6.2711749999999995,45,282,
LEG_PRESS,light,78.67,4.1301749999999995,2.141,6.2711749999999995,60,376,
LEG_PRESS,light,78.67,4.1301749999999995,2.141,6.2711749999999995,75,470,
LEG_PRESS,light,78.67,4.1301749999999995,2.141,6.2711749999999995,90,564,
LEG_PRESS,light,78.67,4.1301749999999995,2.141,6.2711749999999995,120,753,
LEG_PRESS,moderate,78.67,6.1952625,1.594,7.7892625,30,234,
LEG_PRESS,moderate,78.67,6.1952625,1.594,7.7892625,45,351,
LEG_PRESS,moderate,78.67,6.1952625,1.594,7.7892625,60,467,
LEG_PRESS,moderate,78.67,6.1952625,1.594,7.7892625,75,584,
LEG_PRESS,moderate,78.67,6.1952625,1.594,7.7892625,90,701,
LEG_PRESS,moderate,78.67,6.1952625,1.594,7.7892625,120,935,
LEG_PRESS,hard,78.67,8.260349999999999,11.562,19.82235,30,595,rate>12kcal/min
LEG_PRESS,hard,78.67,8.260349999999999,11.562,19.82235,45,892,rate>12kcal/min
LEG_PRESS,hard,78.67,8.260349999999999,11.562,19.82235,60,1189,rate>12kcal/min
LEG_PRESS,hard,78.67,8.260349999999999,11.562,19.82235,75,1487,rate>12kcal/min
LEG_PRESS,hard,78.67,8.260349999999999,11.562,19.82235,90,1784,rate>12kcal/min;session>1500kcal
LEG_PRESS,hard,78.67,8.260349999999999,11.562,19.82235,120,2379,rate>12kcal/min;session>1500kcal
LEG_EXTENSION,light,78.67,4.1301749999999995,2.844,6.974174999999999,30,209,
LEG_EXTENSION,light,78.67,4.1301749999999995,2.844,6.974174999999999,45,314,
LEG_EXTENSION,light,78.67,4.1301749999999995,2.844,6.974174999999999,60,418,
LEG_EXTENSION,light,78.67,4.1301749999999995,2.844,6.974174999999999,75,523,
LEG_EXTENSION,light,78.67,4.1301749999999995,2.844,6.974174999999999,90,628,
LEG_EXTENSION,light,78.67,4.1301749999999995,2.844,6.974174999999999,120,837,
LEG_EXTENSION,moderate,78.67,6.1952625,1.562,7.7572625,30,233,
LEG_EXTENSION,moderate,78.67,6.1952625,1.562,7.7572625,45,349,
LEG_EXTENSION,moderate,78.67,6.1952625,1.562,7.7572625,60,465,
LEG_EXTENSION,moderate,78.67,6.1952625,1.562,7.7572625,75,582,
LEG_EXTENSION,moderate,78.67,6.1952625,1.562,7.7572625,90,698,
LEG_EXTENSION,moderate,78.67,6.1952625,1.562,7.7572625,120,931,
LEG_EXTENSION,hard,78.67,8.260349999999999,17.312,25.57235,30,767,rate>20kcal/min
LEG_EXTENSION,hard,78.67,8.260349999999999,17.312,25.57235,45,1151,rate>20kcal/min
LEG_EXTENSION,hard,78.67,8.260349999999999,17.312,25.57235,60,1534,rate>20kcal/min;session>1500kcal
LEG_EXTENSION,hard,78.67,8.260349999999999,17.312,25.57235,75,1918,rate>20kcal/min;session>1500kcal
LEG_EXTENSION,hard,78.67,8.260349999999999,17.312,25.57235,90,2302,rate>20kcal/min;session>1500kcal
LEG_EXTENSION,hard,78.67,8.260349999999999,17.312,25.57235,120,3069,rate>20kcal/min;session>1500kcal
LAT_PULLDOWN,light,78.67,4.1301749999999995,-0.844,3.2861749999999996,30,99,
LAT_PULLDOWN,light,78.67,4.1301749999999995,-0.844,3.2861749999999996,45,148,
LAT_PULLDOWN,light,78.67,4.1301749999999995,-0.844,3.2861749999999996,60,197,
LAT_PULLDOWN,light,78.67,4.1301749999999995,-0.844,3.2861749999999996,75,246,
LAT_PULLDOWN,light,78.67,4.1301749999999995,-0.844,3.2861749999999996,90,296,
LAT_PULLDOWN,light,78.67,4.1301749999999995,-0.844,3.2861749999999996,120,394,
LAT_PULLDOWN,moderate,78.67,6.1952625,-1.906,4.2892625,30,129,
LAT_PULLDOWN,moderate,78.67,6.1952625,-1.906,4.2892625,45,193,
LAT_PULLDOWN,moderate,78.67,6.1952625,-1.906,4.2892625,60,257,
LAT_PULLDOWN,moderate,78.67,6.1952625,-1.906,4.2892625,75,322,
LAT_PULLDOWN,moderate,78.67,6.1952625,-1.906,4.2892625,90,386,
LAT_PULLDOWN,moderate,78.67,6.1952625,-1.906,4.2892625,120,515,
LAT_PULLDOWN,hard,78.67,8.260349999999999,1.25,9.510349999999999,30,285,
LAT_PULLDOWN,hard,78.67,8.260349999999999,1.25,9.510349999999999,45,428,
LAT_PULLDOWN,hard,78.67,8.260349999999999,1.25,9.510349999999999,60,571,
LAT_PULLDOWN,hard,78.67,8.260349999999999,1.25,9.510349999999999,75,713,
LAT_PULLDOWN,hard,78.67,8.260349999999999,1.25,9.510349999999999,90,856,
LAT_PULLDOWN,hard,78.67,8.260349999999999,1.25,9.510349999999999,120,1141,
BICEP_CURL,light,78.67,4.1301749999999995,-0.719,3.4111749999999996,30,102,
BICEP_CURL,light,78.67,4.1301749999999995,-0.719,3.4111749999999996,45,154,
BICEP_CURL,light,78.67,4.1301749999999995,-0.719,3.4111749999999996,60,205,
BICEP_CURL,light,78.67,4.1301749999999995,-0.719,3.4111749999999996,75,256,
BICEP_CURL,light,78.67,4.1301749999999995,-0.719,3.4111749999999996,90,307,
BICEP_CURL,light,78.67,4.1301749999999995,-0.719,3.4111749999999996,120,409,
BICEP_CURL,moderate,78.67,6.1952625,-2.203,3.9922625000000003,30,120,
BICEP_CURL,moderate,78.67,6.1952625,-2.203,3.9922625000000003,45,180,
BICEP_CURL,moderate,78.67,6.1952625,-2.203,3.9922625000000003,60,240,
BICEP_CURL,moderate,78.67,6.1952625,-2.203,3.9922625000000003,75,299,
BICEP_CURL,moderate,78.67,6.1952625,-2.203,3.9922625000000003,90,359,
BICEP_CURL,moderate,78.67,6.1952625,-2.203,3.9922625000000003,120,479,
BICEP_CURL,hard,78.67,8.260349999999999,0.297,8.55735,30,257,
BICEP_CURL,hard,78.67,8.260349999999999,0.297,8.55735,45,385,
BICEP_CURL,hard,78.67,8.260349999999999,0.297,8.55735,60,513,
BICEP_CURL,hard,78.67,8.260349999999999,0.297,8.55735,75,642,
BICEP_CURL,hard,78.67,8.260349999999999,0.297,8.55735,90,770,
BICEP_CURL,hard,78.67,8.260349999999999,0.297,8.55735,120,1027,
TRICEPS_EXTENSION,light,78.67,4.1301749999999995,-0.859,3.2711749999999995,30,98,
TRICEPS_EXTENSION,light,78.67,4.1301749999999995,-0.859,3.2711749999999995,45,147,
TRICEPS_EXTENSION,light,78.67,4.1301749999999995,-0.859,3.2711749999999995,60,196,
TRICEPS_EXTENSION,light,78.67,4.1301749999999995,-0.859,3.2711749999999995,75,245,
TRICEPS_EXTENSION,light,78.67,4.1301749999999995,-0.859,3.2711749999999995,90,294,
TRICEPS_EXTENSION,light,78.67,4.1301749999999995,-0.859,3.2711749999999995,120,393,
TRICEPS_EXTENSION,moderate,78.67,6.1952625,-1.781,4.4142625,30,132,
TRICEPS_EXTENSION,moderate,78.67,6.1952625,-1.781,4.4142625,45,199,
TRICEPS_EXTENSION,moderate,78.67,6.1952625,-1.781,4.4142625,60,265,
TRICEPS_EXTENSION,moderate,78.67,6.1952625,-1.781,4.4142625,75,331,
TRICEPS_EXTENSION,moderate,78.67,6.1952625,-1.781,4.4142625,90,397,
TRICEPS_EXTENSION,moderate,78.67,6.1952625,-1.781,4.4142625,120,530,
TRICEPS_EXTENSION,hard,78.67,8.260349999999999,2.5,10.760349999999999,30,323,
TRICEPS_EXTENSION,hard,78.67,8.260349999999999,2.5,10.760349999999999,45,484,
TRICEPS_EXTENSION,hard,78.67,8.260349999999999,2.5,10.760349999999999,60,646,
TRICEPS_EXTENSION,hard,78.67,8.260349999999999,2.5,10.760349999999999,75,807,
TRICEPS_EXTENSION,hard,78.67,8.260349999999999,2.5,10.760349999999999,90,968,
TRICEPS_EXTENSION,hard,78.67,8.260349999999999,2.5,10.760349999999999,120,1291,
