participant_group_id,exercise_canonical_id,mapped_intensity_rating,measured_kcal_min,point_prediction,signed_error
reis_lab_p1,BICEP_CURL,light,3.7800934999999996,3.1614249999999995,-0.6186685000000001
reis_lab_p1,BICEP_CURL,light,4.0790394999999995,3.1614249999999995,-0.9176145
reis_lab_p1,BICEP_CURL,moderate,4.381919,4.1015125,-0.2804064999999998
reis_lab_p1,BICEP_CURL,moderate,3.9138325,4.1015125,0.1876800000000003
reis_lab_p1,BICEP_CURL,hard,10.250701,7.916599999999999,-2.3341010000000004
reis_lab_p1,TRICEPS_EXTENSION,light,4.2481800000000005,3.0989249999999995,-1.149255000000001
reis_lab_p1,TRICEPS_EXTENSION,light,4.987678000000001,3.0989249999999995,-1.8887530000000012
reis_lab_p1,TRICEPS_EXTENSION,moderate,6.808888499999998,4.2265125,-2.5823759999999982
reis_lab_p1,TRICEPS_EXTENSION,moderate,6.793154499999999,4.2265125,-2.566641999999999
reis_lab_p1,TRICEPS_EXTENSION,hard,18.38085215,10.182224999999999,-8.19862715
reis_lab_p1,BARBELL_SQUAT,light,8.9565795,10.911425,1.9548454999999993
reis_lab_p1,BARBELL_SQUAT,light,9.094252000000001,10.911425,1.8171729999999986
reis_lab_p1,BARBELL_SQUAT,moderate,10.2546345,11.6952625,1.4406280000000002
reis_lab_p1,BARBELL_SQUAT,moderate,10.195632000000002,11.6952625,1.4996304999999985
reis_lab_p1,BARBELL_SQUAT,hard,31.548377139000003,36.6666,5.118222861
reis_lab_p1,LEG_PRESS,light,6.2267304999999995,6.2551749999999995,0.028444499999999984
reis_lab_p1,LEG_PRESS,light,5.609171000000001,6.2551749999999995,0.6460039999999987
reis_lab_p1,LEG_PRESS,moderate,7.3005759999999995,7.9921375,0.6915615000000006
reis_lab_p1,LEG_PRESS,moderate,6.254265,7.9921375,1.7378725
reis_lab_p1,LEG_PRESS,hard,19.077475,20.07285,0.9953749999999992
reis_lab_p1,BENCH_PRESS,light,4.861806,4.3489249999999995,-0.5128810000000001
reis_lab_p1,BENCH_PRESS,light,4.8814735,4.3489249999999995,-0.5325485000000008
reis_lab_p1,BENCH_PRESS,moderate,5.286624000000001,4.5546375,-0.7319865000000005
reis_lab_p1,BENCH_PRESS,moderate,5.286624000000001,4.5546375,-0.7319865000000005
reis_lab_p1,BENCH_PRESS,hard,13.485021374999999,11.572849999999999,-1.9121713749999998
reis_lab_p1,INCLINE_BENCH_PRESS,light,4.468456,5.2864249999999995,0.8179689999999997
reis_lab_p1,INCLINE_BENCH_PRESS,light,5.298424499999999,5.2864249999999995,-0.01199949999999994
reis_lab_p1,INCLINE_BENCH_PRESS,moderate,4.5117245,6.0390125,1.5272880000000004
reis_lab_p1,INCLINE_BENCH_PRESS,moderate,5.357427,6.0390125,0.6815854999999997
reis_lab_p1,INCLINE_BENCH_PRESS,hard,14.290405499999999,16.994725,2.7043195000000004
reis_lab_p1,LAT_PULLDOWN,light,4.043638,3.3176749999999995,-0.7259630000000001
reis_lab_p1,LAT_PULLDOWN,light,4.043638,3.3176749999999995,-0.7259630000000001
reis_lab_p1,LAT_PULLDOWN,moderate,5.369227500000001,3.9765125,-1.3927150000000008
reis_lab_p1,LAT_PULLDOWN,moderate,5.156818499999999,3.9765125,-1.180305999999999
reis_lab_p1,LAT_PULLDOWN,hard,13.960223576499999,9.385349999999999,-4.5748735765
reis_lab_p1,LEG_EXTENSION,light,5.4872325,6.9426749999999995,1.4554424999999993
reis_lab_p1,LEG_EXTENSION,light,6.557144500000001,6.9426749999999995,0.3855304999999989
reis_lab_p1,LEG_EXTENSION,moderate,5.514767000000001,7.7733875,2.2586204999999993
reis_lab_p1,LEG_EXTENSION,moderate,6.5846789999999995,7.7733875,1.1887085000000006
reis_lab_p1,LEG_EXTENSION,hard,18.770662,26.213475,7.4428129999999975
reis_lab_p1,LAT_PULLDOWN,light,4.043638,3.3176749999999995,-0.7259630000000001
reis_lab_p1,LAT_PULLDOWN,light,4.043638,3.3176749999999995,-0.7259630000000001
reis_lab_p1,LAT_PULLDOWN,moderate,5.3692275,3.9765125,-1.392715
reis_lab_p1,LAT_PULLDOWN,moderate,5.1568185,3.9765125,-1.1803059999999999
reis_lab_p1,BENCH_PRESS,light,4.861806,4.3489249999999995,-0.5128810000000001
reis_lab_p1,BENCH_PRESS,light,4.8814735,4.3489249999999995,-0.5325485000000008
reis_lab_p1,BENCH_PRESS,moderate,5.286624000000001,4.5546375,-0.7319865000000005
reis_lab_p1,BENCH_PRESS,moderate,5.286624000000001,4.5546375,-0.7319865000000005
reis_lab_p1,TRICEPS_EXTENSION,light,4.2481800000000005,3.0989249999999995,-1.149255000000001
reis_lab_p1,TRICEPS_EXTENSION,light,4.987678,3.0989249999999995,-1.8887530000000003
reis_lab_p1,TRICEPS_EXTENSION,moderate,6.8088885,4.2265125,-2.582376
reis_lab_p1,TRICEPS_EXTENSION,moderate,6.7931545,4.2265125,-2.566642
reis_lab_p1,BICEP_CURL,light,3.7800935,3.1614249999999995,-0.6186685000000005
reis_lab_p1,BICEP_CURL,light,4.0790395,3.1614249999999995,-0.9176145000000009
reis_lab_p1,BICEP_CURL,moderate,4.381919,4.1015125,-0.2804064999999998
reis_lab_p1,BICEP_CURL,moderate,3.9138325,4.1015125,0.1876800000000003
reis_lab_p1,LEG_PRESS,light,6.2267305,6.2551749999999995,0.028444499999999096
reis_lab_p1,LEG_PRESS,light,5.609171,6.2551749999999995,0.6460039999999996
reis_lab_p1,LEG_PRESS,moderate,7.300576,7.9921375,0.6915614999999997
reis_lab_p1,LEG_PRESS,moderate,6.254265,7.9921375,1.7378725
reis_lab_p1,LEG_EXTENSION,light,5.4872325,6.9426749999999995,1.4554424999999993
reis_lab_p1,LEG_EXTENSION,light,6.5571445000000015,6.9426749999999995,0.385530499999998
reis_lab_p1,LEG_EXTENSION,moderate,5.514767,7.7733875,2.2586205
reis_lab_p1,LEG_EXTENSION,moderate,6.584679,7.7733875,1.1887084999999997
reis_lab_p1,INCLINE_BENCH_PRESS,light,4.468456,5.2864249999999995,0.8179689999999997
reis_lab_p1,INCLINE_BENCH_PRESS,light,5.298424500000001,5.2864249999999995,-0.011999500000001717
reis_lab_p1,INCLINE_BENCH_PRESS,moderate,4.511724500000001,6.0390125,1.5272879999999995
reis_lab_p1,INCLINE_BENCH_PRESS,moderate,5.357427,6.0390125,0.6815854999999997
reis_lab_p1,BARBELL_SQUAT,light,8.9565795,10.911425,1.9548454999999993
reis_lab_p1,BARBELL_SQUAT,light,9.094252,10.911425,1.8171730000000004
reis_lab_p1,BARBELL_SQUAT,moderate,10.2546345,11.6952625,1.4406280000000002
reis_lab_p1,BARBELL_SQUAT,moderate,10.195632000000002,11.6952625,1.4996304999999985
reis_lab_p10,BICEP_CURL,light,2.0414865000000004,3.4216789062499995,1.380192406249999
reis_lab_p10,BICEP_CURL,light,2.4899055,3.4216789062499995,0.9317734062499996
reis_lab_p10,BICEP_CURL,moderate,2.761317,4.02582890625,1.26451190625
reis_lab_p10,BICEP_CURL,moderate,3.6030860000000002,4.02582890625,0.4227429062499999
reis_lab_p10,BICEP_CURL,hard,5.6367055000000015,8.520603906249999,2.8838984062499975
reis_lab_p10,TRICEPS_EXTENSION,light,3.3631425000000004,3.3123039062499995,-0.05083859375000088
reis_lab_p10,TRICEPS_EXTENSION,light,2.4859720000000003,3.3123039062499995,0.8263319062499992
reis_lab_p10,TRICEPS_EXTENSION,moderate,4.016103500000001,4.49457890625,0.4784754062499994
reis_lab_p10,TRICEPS_EXTENSION,moderate,3.988569000000001,4.49457890625,0.5060099062499992
reis_lab_p10,TRICEPS_EXTENSION,hard,8.6395394,10.989353906249999,2.3498145062499987
reis_lab_p10,BARBELL_SQUAT,light,12.917614000000002,10.46269453125,-2.4549194687500027
reis_lab_p10,BARBELL_SQUAT,light,10.2625015,10.46269453125,0.20019303124999865
reis_lab_p10,BARBELL_SQUAT,moderate,13.385700499999999,11.50043828125,-1.8852622187499986
reis_lab_p10,BARBELL_SQUAT,moderate,11.7414975,11.50043828125,-0.24105921874999936
reis_lab_p10,BARBELL_SQUAT,hard,37.857003109000004,35.85458828125,-2.002414827750002
reis_lab_p10,LEG_PRESS,light,4.9050745000000004,6.4041007812499995,1.499026281249999
reis_lab_p10,LEG_PRESS,light,4.4802565,6.4041007812499995,1.9238442812499992
reis_lab_p10,LEG_PRESS,moderate,5.538368,8.04340703125,2.50503903125
reis_lab_p10,LEG_PRESS,moderate,5.5619689999999995,8.04340703125,2.4814380312500006
reis_lab_p10,LEG_PRESS,hard,12.205650500000003,20.49130703125,8.285656531249996
reis_lab_p10,BENCH_PRESS,light,3.6699555000000004,4.2126945312499995,0.5427390312499991
reis_lab_p10,BENCH_PRESS,light,3.8548300000000006,4.2126945312499995,0.35786453124999884
reis_lab_p10,BENCH_PRESS,moderate,4.6297295,4.78168828125,0.15195878125000029
reis_lab_p10,BENCH_PRESS,moderate,4.5353255,4.78168828125,0.24636278125000022
reis_lab_p10,BENCH_PRESS,hard,11.164775597,11.297947656249999,0.13317205924999875
reis_lab_p10,INCLINE_BENCH_PRESS,light,5.0073455,5.1443351562499995,0.13698965624999992
reis_lab_p10,INCLINE_BENCH_PRESS,light,6.482408,5.1443351562499995,-1.338072843750001
reis_lab_p10,INCLINE_BENCH_PRESS,moderate,5.2551559999999995,6.11567265625,0.8605166562500006
reis_lab_p10,INCLINE_BENCH_PRESS,moderate,3.9925025000000005,6.11567265625,2.1231701562499996
reis_lab_p10,INCLINE_BENCH_PRESS,hard,18.0941,16.66904140625,-1.425058593750002
reis_lab_p10,LAT_PULLDOWN,light,3.3238075,3.2224601562499995,-0.10134734375000054
reis_lab_p10,LAT_PULLDOWN,light,4.413387,3.2224601562499995,-1.1909268437500007
reis_lab_p10,LAT_PULLDOWN,moderate,4.2678475,3.94770390625,-0.3201435937500001
reis_lab_p10,LAT_PULLDOWN,moderate,8.7599045,3.94770390625,-4.812200593749999
reis_lab_p10,LAT_PULLDOWN,hard,17.2786343145,8.926853906249999,-8.35178040825
reis_lab_p10,LEG_EXTENSION,light,7.339911000000001,6.8435539062499995,-0.49635709375000125
reis_lab_p10,LEG_EXTENSION,light,8.873976,6.8435539062499995,-2.0304220937500013
reis_lab_p10,LEG_EXTENSION,moderate,6.411605,7.83051640625,1.4189114062500003
reis_lab_p10,LEG_EXTENSION,moderate,7.442182000000002,7.83051640625,0.3883344062499985
reis_lab_p10,LEG_EXTENSION,hard,23.2509185,25.87216640625,2.621247906249998
reis_lab_p10,LAT_PULLDOWN,light,3.3238075,3.2224601562499995,-0.10134734375000054
reis_lab_p10,LAT_PULLDOWN,light,4.413387000000001,3.2224601562499995,-1.1909268437500016
reis_lab_p10,LAT_PULLDOWN,moderate,4.2678475,3.94770390625,-0.3201435937500001
reis_lab_p10,LAT_PULLDOWN,moderate,8.759904500000001,3.94770390625,-4.812200593750001
reis_lab_p10,BENCH_PRESS,light,3.6699555,4.2126945312499995,0.5427390312499996
reis_lab_p10,BENCH_PRESS,light,3.85483,4.2126945312499995,0.3578645312499993
reis_lab_p10,BENCH_PRESS,moderate,4.6297295,4.78168828125,0.15195878125000029
reis_lab_p10,BENCH_PRESS,moderate,4.5353255,4.78168828125,0.24636278125000022
reis_lab_p10,TRICEPS_EXTENSION,light,3.3631425,3.3123039062499995,-0.05083859375000044
reis_lab_p10,TRICEPS_EXTENSION,light,2.4859720000000003,3.3123039062499995,0.8263319062499992
reis_lab_p10,TRICEPS_EXTENSION,moderate,4.016103500000001,4.49457890625,0.4784754062499994
reis_lab_p10,TRICEPS_EXTENSION,moderate,3.988569000000001,4.49457890625,0.5060099062499992
reis_lab_p10,BICEP_CURL,light,2.0414865000000004,3.4216789062499995,1.380192406249999
reis_lab_p10,BICEP_CURL,light,2.4899055,3.4216789062499995,0.9317734062499996
reis_lab_p10,BICEP_CURL,moderate,2.761317,4.02582890625,1.26451190625
reis_lab_p10,BICEP_CURL,moderate,3.603086,4.02582890625,0.4227429062500003
reis_lab_p10,LEG_PRESS,light,4.9050745,6.4041007812499995,1.49902628125
reis_lab_p10,LEG_PRESS,light,4.4802565,6.4041007812499995,1.9238442812499992
reis_lab_p10,LEG_PRESS,moderate,5.538368,8.04340703125,2.50503903125
reis_lab_p10,LEG_PRESS,moderate,5.561969,8.04340703125,2.4814380312499997
reis_lab_p10,LEG_EXTENSION,light,7.339911,6.8435539062499995,-0.49635709375000037
reis_lab_p10,LEG_EXTENSION,light,8.873976,6.8435539062499995,-2.0304220937500013
reis_lab_p10,LEG_EXTENSION,moderate,6.411605000000001,7.83051640625,1.4189114062499995
reis_lab_p10,LEG_EXTENSION,moderate,7.442182000000001,7.83051640625,0.3883344062499994
reis_lab_p10,INCLINE_BENCH_PRESS,light,5.0073455,5.1443351562499995,0.13698965624999992
reis_lab_p10,INCLINE_BENCH_PRESS,light,6.482408,5.1443351562499995,-1.338072843750001
reis_lab_p10,INCLINE_BENCH_PRESS,moderate,5.255156,6.11567265625,0.8605166562499997
reis_lab_p10,INCLINE_BENCH_PRESS,moderate,3.9925025,6.11567265625,2.12317015625
reis_lab_p10,BARBELL_SQUAT,light,12.917614000000002,10.46269453125,-2.4549194687500027
reis_lab_p10,BARBELL_SQUAT,light,10.2625015,10.46269453125,0.20019303124999865
reis_lab_p10,BARBELL_SQUAT,moderate,13.3857005,11.50043828125,-1.8852622187500003
reis_lab_p10,BARBELL_SQUAT,moderate,11.7414975,11.50043828125,-0.24105921874999936
reis_lab_p11,BICEP_CURL,light,2.9855265,3.2825187499999995,0.2969922499999993
reis_lab_p11,BICEP_CURL,light,4.901141000000001,3.2825187499999995,-1.6186222500000014
reis_lab_p11,BICEP_CURL,moderate,2.9461915,4.01948125,1.0732897500000003
reis_lab_p11,BICEP_CURL,moderate,3.5991525,4.01948125,0.4203287499999999
reis_lab_p11,BICEP_CURL,hard,6.690883500000001,8.443943749999999,1.753060249999998
reis_lab_p11,TRICEPS_EXTENSION,light,5.121417,3.1731437499999995,-1.9482732500000006
reis_lab_p11,TRICEPS_EXTENSION,light,4.4645225,3.1731437499999995,-1.2913787500000007
reis_lab_p11,TRICEPS_EXTENSION,moderate,5.4950995,4.33198125,-1.1631182500000001
reis_lab_p11,TRICEPS_EXTENSION,moderate,6.875758000000001,4.33198125,-2.543776750000001
reis_lab_p11,TRICEPS_EXTENSION,hard,16.78463785,10.358006249999999,-6.4266316
reis_lab_p11,BARBELL_SQUAT,light,9.20439,10.630175,1.4257849999999994
reis_lab_p11,BARBELL_SQUAT,light,9.6016735,10.630175,1.028501499999999
reis_lab_p11,BARBELL_SQUAT,moderate,10.486711,11.6562,1.1694890000000004
reis_lab_p11,BARBELL_SQUAT,moderate,10.360839000000002,11.6562,1.295360999999998
reis_lab_p11,BARBELL_SQUAT,hard,31.947780795499998,36.328709375,4.380928579500004
reis_lab_p11,LEG_PRESS,light,4.8539390000000004,6.3118156249999995,1.457876624999999
reis_lab_p11,LEG_PRESS,light,6.812822,6.3118156249999995,-0.5010063750000002
reis_lab_p11,LEG_PRESS,moderate,6.8246225,7.908153125,1.0835306249999999
reis_lab_p11,LEG_PRESS,moderate,7.7529285,7.908153125,0.15522462499999978
reis_lab_p11,LEG_PRESS,hard,18.054765,20.0337875,1.9790224999999992
reis_lab_p11,BENCH_PRESS,light,2.9107900000000004,4.2864249999999995,1.375634999999999
reis_lab_p11,BENCH_PRESS,light,3.1507335000000003,4.2864249999999995,1.1356914999999992
reis_lab_p11,BENCH_PRESS,moderate,3.0877974999999998,4.908153125,1.8203556250000004
reis_lab_p11,BENCH_PRESS,moderate,3.06813,4.908153125,1.840023125
reis_lab_p11,BENCH_PRESS,hard,5.993835832,11.693943749999999,5.700107917999999
reis_lab_p11,INCLINE_BENCH_PRESS,light,5.491166000000001,5.1223624999999995,-0.36880350000000117
reis_lab_p11,INCLINE_BENCH_PRESS,light,6.167728,5.1223624999999995,-1.0453655000000008
reis_lab_p11,INCLINE_BENCH_PRESS,moderate,5.8884495,6.05854375,0.17009425
reis_lab_p11,INCLINE_BENCH_PRESS,moderate,4.570727,6.05854375,1.4878167500000004
reis_lab_p11,INCLINE_BENCH_PRESS,hard,19.518027,16.5494125,-2.968614500000001
reis_lab_p11,LAT_PULLDOWN,light,3.3041400000000003,3.3059562499999995,0.0018162499999991866
reis_lab_p11,LAT_PULLDOWN,light,2.5764425,3.3059562499999995,0.7295137499999993
reis_lab_p11,LAT_PULLDOWN,moderate,3.6384875,4.18354375,0.54505625
reis_lab_p11,LAT_PULLDOWN,moderate,3.555884,4.18354375,0.6276597500000003
reis_lab_p11,LAT_PULLDOWN,hard,7.043753851500001,9.740818749999999,2.697064898499998
reis_lab_p11,LEG_EXTENSION,light,5.8412475,7.0012687499999995,1.1600212499999998
reis_lab_p11,LEG_EXTENSION,light,6.4706075,7.0012687499999995,0.5306612499999996
reis_lab_p11,LEG_EXTENSION,moderate,6.5178095,7.86323125,1.3454217499999999
reis_lab_p11,LEG_EXTENSION,moderate,5.758644,7.86323125,2.10458725
reis_lab_p11,LEG_EXTENSION,hard,16.874715,26.35800625,9.48329125
reis_lab_p11,LAT_PULLDOWN,light,3.30414,3.3059562499999995,0.0018162499999996307
reis_lab_p11,LAT_PULLDOWN,light,2.5764425,3.3059562499999995,0.7295137499999993
reis_lab_p11,LAT_PULLDOWN,moderate,3.6384875,4.18354375,0.54505625
reis_lab_p11,LAT_PULLDOWN,moderate,3.5558839999999994,4.18354375,0.6276597500000007
reis_lab_p11,BENCH_PRESS,light,2.91079,4.2864249999999995,1.3756349999999995
reis_lab_p11,BENCH_PRESS,light,3.1507335,4.2864249999999995,1.1356914999999996
reis_lab_p11,BENCH_PRESS,moderate,3.0877975,4.908153125,1.820355625
reis_lab_p11,BENCH_PRESS,moderate,3.06813,4.908153125,1.840023125
reis_lab_p11,TRICEPS_EXTENSION,light,5.121416999999999,3.1731437499999995,-1.9482732499999997
reis_lab_p11,TRICEPS_EXTENSION,light,4.4645225,3.1731437499999995,-1.2913787500000007
reis_lab_p11,TRICEPS_EXTENSION,moderate,5.495099500000001,4.33198125,-1.163118250000001
reis_lab_p11,TRICEPS_EXTENSION,moderate,6.875758000000001,4.33198125,-2.543776750000001
reis_lab_p11,BICEP_CURL,light,2.9855265,3.2825187499999995,0.2969922499999993
reis_lab_p11,BICEP_CURL,light,4.901141000000001,3.2825187499999995,-1.6186222500000014
reis_lab_p11,BICEP_CURL,moderate,2.9461915000000003,4.01948125,1.0732897499999998
reis_lab_p11,BICEP_CURL,moderate,3.5991525,4.01948125,0.4203287499999999
reis_lab_p11,LEG_PRESS,light,4.853939,6.3118156249999995,1.457876625
reis_lab_p11,LEG_PRESS,light,6.812822,6.3118156249999995,-0.5010063750000002
reis_lab_p11,LEG_PRESS,moderate,6.8246225,7.908153125,1.0835306249999999
reis_lab_p11,LEG_PRESS,moderate,7.752928500000001,7.908153125,0.1552246249999989
reis_lab_p11,LEG_EXTENSION,light,5.841247500000001,7.0012687499999995,1.160021249999999
reis_lab_p11,LEG_EXTENSION,light,6.4706075,7.0012687499999995,0.5306612499999996
reis_lab_p11,LEG_EXTENSION,moderate,6.517809499999999,7.86323125,1.3454217500000007
reis_lab_p11,LEG_EXTENSION,moderate,5.758644,7.86323125,2.10458725
reis_lab_p11,INCLINE_BENCH_PRESS,light,5.491166000000001,5.1223624999999995,-0.36880350000000117
reis_lab_p11,INCLINE_BENCH_PRESS,light,6.167728000000001,5.1223624999999995,-1.0453655000000017
reis_lab_p11,INCLINE_BENCH_PRESS,moderate,5.888449500000001,6.05854375,0.17009424999999911
reis_lab_p11,INCLINE_BENCH_PRESS,moderate,4.570727,6.05854375,1.4878167500000004
reis_lab_p11,BARBELL_SQUAT,light,9.20439,10.630175,1.4257849999999994
reis_lab_p11,BARBELL_SQUAT,light,9.6016735,10.630175,1.028501499999999
reis_lab_p11,BARBELL_SQUAT,moderate,10.486711,11.6562,1.1694890000000004
reis_lab_p11,BARBELL_SQUAT,moderate,10.360839,11.6562,1.2953609999999998
reis_lab_p12,BICEP_CURL,light,3.083864,3.3567374999999995,0.2728734999999993
reis_lab_p12,BICEP_CURL,light,2.9540584999999995,3.3567374999999995,0.402679
reis_lab_p12,BICEP_CURL,moderate,3.327741,4.1483875,0.8206465000000001
reis_lab_p12,BICEP_CURL,moderate,4.32685,4.1483875,-0.1784625000000002
reis_lab_p12,BICEP_CURL,hard,6.521742999999999,8.307224999999999,1.785482
reis_lab_p12,TRICEPS_EXTENSION,light,2.98946,3.3489249999999995,0.3594649999999997
reis_lab_p12,TRICEPS_EXTENSION,light,2.8203194999999996,3.3489249999999995,0.5286054999999998
reis_lab_p12,TRICEPS_EXTENSION,moderate,3.3120069999999995,4.6640125,1.3520055000000006
reis_lab_p12,TRICEPS_EXTENSION,moderate,3.5755515000000004,4.6640125,1.0884609999999997
reis_lab_p12,TRICEPS_EXTENSION,hard,7.0810867,11.166599999999999,4.085513299999999
reis_lab_p12,BARBELL_SQUAT,light,7.969271000000001,10.7473625,2.7780914999999986
reis_lab_p12,BARBELL_SQUAT,light,9.0273825,10.7473625,1.7199799999999996
reis_lab_p12,BARBELL_SQUAT,moderate,9.157188000000001,11.7108875,2.5536994999999987
reis_lab_p12,BARBELL_SQUAT,moderate,8.984114,11.7108875,2.7267735
reis_lab_p12,BARBELL_SQUAT,hard,28.235705377500004,36.5416,8.305894622499999
reis_lab_p12,LEG_PRESS,light,5.420363,6.3411124999999995,0.9207494999999994
reis_lab_p12,LEG_PRESS,light,5.8412475,6.3411124999999995,0.4998649999999998
reis_lab_p12,LEG_PRESS,moderate,6.930827000000001,7.93745,1.0066229999999994
reis_lab_p12,LEG_PRESS,moderate,8.260349999999999,7.93745,-0.32289999999999885
reis_lab_p12,LEG_PRESS,hard,18.440248,20.01035,1.5701019999999986
reis_lab_p12,BENCH_PRESS,light,3.8272955000000004,4.1379874999999995,0.3106919999999991
reis_lab_p12,BENCH_PRESS,light,4.7202,4.1379874999999995,-0.5822125000000007
reis_lab_p12,BENCH_PRESS,moderate,3.7604260000000007,4.734325,0.9738989999999994
reis_lab_p12,BENCH_PRESS,moderate,3.8744975,4.734325,0.8598275000000002
reis_lab_p12,BENCH_PRESS,hard,8.858194798000001,11.690037499999999,2.8318427019999977
reis_lab_p12,INCLINE_BENCH_PRESS,light,4.1970445000000005,5.2004874999999995,1.003442999999999
reis_lab_p12,INCLINE_BENCH_PRESS,light,3.8744975,5.2004874999999995,1.3259899999999996
reis_lab_p12,INCLINE_BENCH_PRESS,moderate,4.2599805,6.015575,1.7555945
reis_lab_p12,INCLINE_BENCH_PRESS,moderate,4.374052,6.015575,1.6415230000000003
reis_lab_p12,INCLINE_BENCH_PRESS,hard,10.553580500000002,18.0806625,7.5270819999999965
reis_lab_p12,LAT_PULLDOWN,light,3.6699555000000004,3.1536124999999995,-0.5163430000000009
reis_lab_p12,LAT_PULLDOWN,light,2.8596544999999995,3.1536124999999995,0.29395799999999994
reis_lab_p12,LAT_PULLDOWN,moderate,4.971944000000001,3.9687,-1.0032440000000005
reis_lab_p12,LAT_PULLDOWN,moderate,3.6306205,3.9687,0.3380795000000001
reis_lab_p12,LAT_PULLDOWN,hard,8.968049586000001,9.330662499999999,0.36261291399999784
reis_lab_p12,LEG_EXTENSION,light,5.451830999999999,7.0989249999999995,1.647094
reis_lab_p12,LEG_EXTENSION,light,6.2345975,7.0989249999999995,0.8643274999999999
reis_lab_p12,LEG_EXTENSION,moderate,4.9758775,7.93745,2.9615725
reis_lab_p12,LEG_EXTENSION,moderate,5.601304000000001,7.93745,2.3361459999999994
reis_lab_p12,LEG_EXTENSION,hard,15.8323375,26.6431625,10.810825
reis_lab_p12,LAT_PULLDOWN,light,3.6699555,3.1536124999999995,-0.5163430000000004
reis_lab_p12,LAT_PULLDOWN,light,2.8596544999999995,3.1536124999999995,0.29395799999999994
reis_lab_p12,LAT_PULLDOWN,moderate,4.971944000000001,3.9687,-1.0032440000000005
reis_lab_p12,LAT_PULLDOWN,moderate,3.630620500000001,3.9687,0.3380794999999992
reis_lab_p12,BENCH_PRESS,light,3.827295500000001,4.1379874999999995,0.31069199999999864
reis_lab_p12,BENCH_PRESS,light,4.7202,4.1379874999999995,-0.5822125000000007
reis_lab_p12,BENCH_PRESS,moderate,3.760426,4.734325,0.9738990000000003
reis_lab_p12,BENCH_PRESS,moderate,3.8744975,4.734325,0.8598275000000002
reis_lab_p12,TRICEPS_EXTENSION,light,2.98946,3.3489249999999995,0.3594649999999997
reis_lab_p12,TRICEPS_EXTENSION,light,2.8203195,3.3489249999999995,0.5286054999999994
reis_lab_p12,TRICEPS_EXTENSION,moderate,3.312007,4.6640125,1.3520055000000002
reis_lab_p12,TRICEPS_EXTENSION,moderate,3.5755515000000004,4.6640125,1.0884609999999997
reis_lab_p12,BICEP_CURL,light,3.0838640000000006,3.3567374999999995,0.2728734999999989
reis_lab_p12,BICEP_CURL,light,2.9540584999999995,3.3567374999999995,0.402679
reis_lab_p12,BICEP_CURL,moderate,3.3277410000000005,4.1483875,0.8206464999999996
reis_lab_p12,LEG_PRESS,light,5.420362999999999,6.3411124999999995,0.9207495000000003
reis_lab_p12,LEG_PRESS,light,5.841247500000001,6.3411124999999995,0.4998649999999989
reis_lab_p12,LEG_PRESS,moderate,6.930827000000001,7.93745,1.0066229999999994
reis_lab_p12,LEG_EXTENSION,light,5.451831,7.0989249999999995,1.6470939999999992
reis_lab_p12,LEG_EXTENSION,light,6.2345975,7.0989249999999995,0.8643274999999999
reis_lab_p12,LEG_EXTENSION,moderate,4.9758775,7.93745,2.9615725
reis_lab_p12,LEG_EXTENSION,moderate,5.601304,7.93745,2.3361460000000003
reis_lab_p12,INCLINE_BENCH_PRESS,light,4.1970445,5.2004874999999995,1.0034429999999999
reis_lab_p12,INCLINE_BENCH_PRESS,light,3.8744975,5.2004874999999995,1.3259899999999996
reis_lab_p12,INCLINE_BENCH_PRESS,moderate,4.259980499999999,6.015575,1.7555945000000008
reis_lab_p12,INCLINE_BENCH_PRESS,moderate,4.374052,6.015575,1.6415230000000003
reis_lab_p12,BARBELL_SQUAT,light,7.969271000000001,10.7473625,2.7780914999999986
reis_lab_p12,BARBELL_SQUAT,light,9.0273825,10.7473625,1.7199799999999996
reis_lab_p12,BARBELL_SQUAT,moderate,9.157188,11.7108875,2.5536995000000005
reis_lab_p12,BARBELL_SQUAT,moderate,8.984114,11.7108875,2.7267735
reis_lab_p13,BICEP_CURL,light,4.3701185,3.3855460937499995,-0.9845724062500008
reis_lab_p13,BICEP_CURL,light,3.2254699999999996,3.3855460937499995,0.16007609374999987
reis_lab_p13,BICEP_CURL,moderate,4.7595350000000005,4.06391484375,-0.6956201562500004
reis_lab_p13,BICEP_CURL,moderate,4.9680105,4.06391484375,-0.90409565625
reis_lab_p13,BICEP_CURL,hard,10.006824000000002,8.472752343749999,-1.5340716562500027
reis_lab_p13,TRICEPS_EXTENSION,light,3.957101,3.3738273437499995,-0.5832736562500007
reis_lab_p13,TRICEPS_EXTENSION,light,2.5607085,3.3738273437499995,0.8131188437499994
reis_lab_p13,TRICEPS_EXTENSION,moderate,5.605237500000001,4.46625859375,-1.138978906250001
reis_lab_p13,TRICEPS_EXTENSION,moderate,4.397653,4.46625859375,0.06860559375000008
reis_lab_p13,TRICEPS_EXTENSION,hard,11.97868755,10.808689843749999,-1.169997706250001
reis_lab_p13,BARBELL_SQUAT,light,11.8437685,10.37285078125,-1.47091771875
reis_lab_p13,BARBELL_SQUAT,light,10.6479845,10.37285078125,-0.27513371875000026
reis_lab_p13,BARBELL_SQUAT,moderate,11.4582855,11.5546375,0.09635199999999955
reis_lab_p13,BARBELL_SQUAT,moderate,11.328479999999999,11.5546375,0.22615750000000112
reis_lab_p13,BARBELL_SQUAT,hard,34.6971635565,36.2105453125,1.5133817560000011
reis_lab_p13,LEG_PRESS,light,6.671216000000001,6.2190421874999995,-0.45217381250000166
reis_lab_p13,LEG_PRESS,light,7.6663915,6.2190421874999995,-1.4473493125
reis_lab_p13,LEG_PRESS,moderate,8.4688255,7.77094609375,-0.6978794062499993
reis_lab_p13,LEG_PRESS,moderate,9.039183000000001,7.77094609375,-1.2682369062500012
reis_lab_p13,LEG_PRESS,hard,22.007932500000003,19.688084375,-2.3198481250000036
reis_lab_p13,BENCH_PRESS,light,3.6030860000000002,4.1042960937499995,0.5012100937499993
reis_lab_p13,BENCH_PRESS,light,4.118374500000001,4.1042960937499995,-0.01407840625000123
reis_lab_p13,BENCH_PRESS,moderate,4.071172499999999,4.48774296875,0.4165704687500007
reis_lab_p13,BENCH_PRESS,moderate,4.909008,4.48774296875,-0.4212650312499999
reis_lab_p13,BENCH_PRESS,hard,11.508956847,11.017674218749999,-0.49128262825000135
reis_lab_p13,INCLINE_BENCH_PRESS,light,4.4409215,5.2410148437499995,0.8000933437499995
reis_lab_p13,INCLINE_BENCH_PRESS,light,4.712333,5.2410148437499995,0.5286818437499994
reis_lab_p13,INCLINE_BENCH_PRESS,moderate,4.3504510000000005,6.14008671875,1.7896357187499996
reis_lab_p13,INCLINE_BENCH_PRESS,moderate,5.0702815,6.14008671875,1.06980521875
reis_lab_p13,INCLINE_BENCH_PRESS,hard,12.158448499999999,17.73642421875,5.57797571875
reis_lab_p13,LAT_PULLDOWN,light,2.9265239999999997,3.2488273437499995,0.3223033437499998
reis_lab_p13,LAT_PULLDOWN,light,3.5480169999999998,3.2488273437499995,-0.29918965625000027
reis_lab_p13,LAT_PULLDOWN,moderate,3.1822014999999997,4.16352421875,0.9813227187500004
reis_lab_p13,LAT_PULLDOWN,moderate,4.334717,4.16352421875,-0.17119278125000026
reis_lab_p13,LAT_PULLDOWN,hard,9.548012693,9.425877343749999,-0.12213534925000147
reis_lab_p13,LEG_EXTENSION,light,5.451830999999999,7.0378898437499995,1.58605884375
reis_lab_p13,LEG_EXTENSION,light,5.5816365,7.0378898437499995,1.4562533437499994
reis_lab_p13,LEG_EXTENSION,moderate,5.4950995,7.86078984375,2.36569034375
reis_lab_p13,LEG_EXTENSION,moderate,7.457916,7.86078984375,0.4028738437500001
reis_lab_p13,LEG_EXTENSION,hard,20.241791,26.22275234375,5.98096134375
reis_lab_p13,LAT_PULLDOWN,light,2.926524,3.2488273437499995,0.32230334374999936
reis_lab_p13,LAT_PULLDOWN,light,3.548017,3.2488273437499995,-0.2991896562500007
reis_lab_p13,LAT_PULLDOWN,moderate,3.1822015,4.16352421875,0.98132271875
reis_lab_p13,LAT_PULLDOWN,moderate,4.334717,4.16352421875,-0.17119278125000026
reis_lab_p13,BENCH_PRESS,light,3.603086,4.1042960937499995,0.5012100937499997
reis_lab_p13,BENCH_PRESS,light,4.1183745,4.1042960937499995,-0.014078406250000342
reis_lab_p13,BENCH_PRESS,moderate,4.0711725,4.48774296875,0.4165704687499998
reis_lab_p13,BENCH_PRESS,moderate,4.909008000000001,4.48774296875,-0.4212650312500008
reis_lab_p13,TRICEPS_EXTENSION,light,3.9571010000000006,3.3738273437499995,-0.5832736562500012
reis_lab_p13,TRICEPS_EXTENSION,light,2.5607085,3.3738273437499995,0.8131188437499994
reis_lab_p13,TRICEPS_EXTENSION,moderate,5.6052375,4.46625859375,-1.1389789062500002
reis_lab_p13,TRICEPS_EXTENSION,moderate,4.397653,4.46625859375,0.06860559375000008
reis_lab_p13,BICEP_CURL,light,4.370118499999999,3.3855460937499995,-0.9845724062499999
reis_lab_p13,BICEP_CURL,light,3.22547,3.3855460937499995,0.16007609374999943
reis_lab_p13,BICEP_CURL,moderate,4.759535,4.06391484375,-0.6956201562499995
reis_lab_p13,BICEP_CURL,moderate,4.9680105,4.06391484375,-0.90409565625
reis_lab_p13,LEG_PRESS,light,6.671216000000001,6.2190421874999995,-0.45217381250000166
reis_lab_p13,LEG_PRESS,moderate,8.468825500000001,7.77094609375,-0.6978794062500011
reis_lab_p13,LEG_PRESS,moderate,9.039183,7.77094609375,-1.2682369062499994
reis_lab_p13,LEG_EXTENSION,light,5.451831,7.0378898437499995,1.5860588437499992
reis_lab_p13,LEG_EXTENSION,light,5.5816365,7.0378898437499995,1.4562533437499994
reis_lab_p13,LEG_EXTENSION,moderate,5.495099500000001,7.86078984375,2.365690343749999
reis_lab_p13,LEG_EXTENSION,moderate,7.457916000000001,7.86078984375,0.40287384374999924
reis_lab_p13,INCLINE_BENCH_PRESS,light,4.440921499999999,5.2410148437499995,0.8000933437500004
reis_lab_p13,INCLINE_BENCH_PRESS,light,4.712333,5.2410148437499995,0.5286818437499994
reis_lab_p13,INCLINE_BENCH_PRESS,moderate,4.350451,6.14008671875,1.7896357187500005
reis_lab_p13,INCLINE_BENCH_PRESS,moderate,5.0702815,6.14008671875,1.06980521875
reis_lab_p13,BARBELL_SQUAT,light,11.8437685,10.37285078125,-1.47091771875
reis_lab_p13,BARBELL_SQUAT,light,10.6479845,10.37285078125,-0.27513371875000026
reis_lab_p13,BARBELL_SQUAT,moderate,11.4582855,11.5546375,0.09635199999999955
reis_lab_p13,BARBELL_SQUAT,moderate,11.32848,11.5546375,0.22615749999999935
reis_lab_p14,BICEP_CURL,light,3.1035315,3.4895499999999995,0.3860184999999996
reis_lab_p14,BICEP_CURL,light,2.950125,3.4895499999999995,0.5394249999999996
reis_lab_p14,BICEP_CURL,moderate,3.1979355000000003,4.0233875,0.8254519999999999
reis_lab_p14,BICEP_CURL,moderate,2.8950560000000003,4.0233875,1.1283314999999998
reis_lab_p14,BICEP_CURL,hard,6.144126999999999,8.580662499999999,2.4365354999999997
reis_lab_p14,TRICEPS_EXTENSION,light,2.1240900000000003,3.4114249999999995,1.2873349999999992
reis_lab_p14,TRICEPS_EXTENSION,light,3.233337,3.4114249999999995,0.17808799999999936
reis_lab_p14,TRICEPS_EXTENSION,moderate,3.1113985000000004,4.4765125,1.3651139999999997
reis_lab_p14,TRICEPS_EXTENSION,moderate,4.948343,4.4765125,-0.47183050000000026
reis_lab_p14,TRICEPS_EXTENSION,hard,9.95922865,10.877537499999999,0.918308849999999
reis_lab_p14,BARBELL_SQUAT,light,11.076736,10.348925,-0.7278110000000009
reis_lab_p14,BARBELL_SQUAT,light,12.713071999999999,10.348925,-2.364146999999999
reis_lab_p14,BARBELL_SQUAT,moderate,12.606867499999998,11.4921375,-1.114729999999998
reis_lab_p14,BARBELL_SQUAT,moderate,12.964816,11.4921375,-1.4726785000000007
reis_lab_p14,BARBELL_SQUAT,hard,41.6278725515,35.5025375,-6.125335051499995
reis_lab_p14,LEG_PRESS,light,6.348669,6.2864249999999995,-0.06224400000000063
reis_lab_p14,LEG_PRESS,light,5.5344345,6.2864249999999995,0.7519904999999998
reis_lab_p14,LEG_PRESS,moderate,7.3517115,7.9062,0.5544884999999997
reis_lab_p14,LEG_PRESS,moderate,7.111768,7.9062,0.7944320000000005
reis_lab_p14,LEG_PRESS,hard,17.126459,20.0806625,2.9542034999999984
reis_lab_p14,BENCH_PRESS,light,4.936542500000001,4.1301749999999995,-0.8063675000000012
reis_lab_p14,BENCH_PRESS,light,3.728958,4.1301749999999995,0.4012169999999995
reis_lab_p14,BENCH_PRESS,moderate,6.0733239999999995,4.6562,-1.4171239999999994
reis_lab_p14,BENCH_PRESS,moderate,5.2590895,4.6562,-0.6028894999999999
reis_lab_p14,BENCH_PRESS,hard,13.877344731500001,10.932224999999999,-2.945119731500002
reis_lab_p14,INCLINE_BENCH_PRESS,light,4.570727,5.1536124999999995,0.5828854999999997
reis_lab_p14,INCLINE_BENCH_PRESS,light,4.586461,5.1536124999999995,0.5671514999999996
reis_lab_p14,INCLINE_BENCH_PRESS,moderate,3.9177660000000003,6.24995,2.332184
reis_lab_p14,INCLINE_BENCH_PRESS,moderate,4.594328,6.24995,1.6556220000000001
reis_lab_p14,INCLINE_BENCH_PRESS,hard,11.163273,17.0962875,5.933014499999999
reis_lab_p14,LAT_PULLDOWN,light,3.241204,3.2707999999999995,0.02959599999999929
reis_lab_p14,LAT_PULLDOWN,light,2.1988265,3.2707999999999995,1.0719734999999995
reis_lab_p14,LAT_PULLDOWN,moderate,3.8351625,4.1483875,0.3132250000000001
reis_lab_p14,LAT_PULLDOWN,moderate,4.2914485,4.1483875,-0.14306100000000033
reis_lab_p14,LAT_PULLDOWN,hard,7.950209258999999,9.572849999999999,1.6226407409999997
reis_lab_p14,LEG_EXTENSION,light,4.3858525,7.1457999999999995,2.759947499999999
reis_lab_p14,LEG_EXTENSION,light,6.05759,7.1457999999999995,1.0882099999999992
reis_lab_p14,LEG_EXTENSION,moderate,4.9208085,7.8671375,2.9463290000000004
reis_lab_p14,LEG_EXTENSION,moderate,7.2730415,7.8671375,0.5940960000000004
reis_lab_p14,LEG_EXTENSION,hard,20.155254,26.1041,5.948846
reis_lab_p14,LAT_PULLDOWN,light,3.241204,3.2707999999999995,0.02959599999999929
reis_lab_p14,LAT_PULLDOWN,light,2.1988265,3.2707999999999995,1.0719734999999995
reis_lab_p14,LAT_PULLDOWN,moderate,3.8351625,4.1483875,0.3132250000000001
reis_lab_p14,LAT_PULLDOWN,moderate,4.2914485,4.1483875,-0.14306100000000033
reis_lab_p14,BENCH_PRESS,light,4.936542500000001,4.1301749999999995,-0.8063675000000012
reis_lab_p14,BENCH_PRESS,light,3.728958,4.1301749999999995,0.4012169999999995
reis_lab_p14,BENCH_PRESS,moderate,6.073324,4.6562,-1.4171240000000003
reis_lab_p14,BENCH_PRESS,moderate,5.2590895,4.6562,-0.6028894999999999
reis_lab_p14,TRICEPS_EXTENSION,light,2.1240900000000003,3.4114249999999995,1.2873349999999992
reis_lab_p14,TRICEPS_EXTENSION,light,3.233337,3.4114249999999995,0.17808799999999936
reis_lab_p14,TRICEPS_EXTENSION,moderate,3.1113985,4.4765125,1.3651140000000002
reis_lab_p14,TRICEPS_EXTENSION,moderate,4.948343,4.4765125,-0.47183050000000026
reis_lab_p14,BICEP_CURL,light,3.1035314999999994,3.4895499999999995,0.38601850000000004
reis_lab_p14,BICEP_CURL,light,2.950125,3.4895499999999995,0.5394249999999996
reis_lab_p14,BICEP_CURL,moderate,3.1979355000000007,4.0233875,0.8254519999999994
reis_lab_p14,BICEP_CURL,moderate,2.8950560000000003,4.0233875,1.1283314999999998
reis_lab_p14,LEG_PRESS,light,6.348669000000001,6.2864249999999995,-0.06224400000000152
reis_lab_p14,LEG_PRESS,light,5.5344345,6.2864249999999995,0.7519904999999998
reis_lab_p14,LEG_PRESS,moderate,7.3517115,7.9062,0.5544884999999997
reis_lab_p14,LEG_PRESS,moderate,7.111767999999999,7.9062,0.7944320000000014
reis_lab_p14,LEG_EXTENSION,light,4.3858525,7.1457999999999995,2.759947499999999
reis_lab_p14,LEG_EXTENSION,light,6.05759,7.1457999999999995,1.0882099999999992
reis_lab_p14,LEG_EXTENSION,moderate,4.9208085,7.8671375,2.9463290000000004
reis_lab_p14,LEG_EXTENSION,moderate,7.2730415,7.8671375,0.5940960000000004
reis_lab_p14,INCLINE_BENCH_PRESS,light,4.570727,5.1536124999999995,0.5828854999999997
reis_lab_p14,INCLINE_BENCH_PRESS,light,4.586461,5.1536124999999995,0.5671514999999996
reis_lab_p14,INCLINE_BENCH_PRESS,moderate,3.9177660000000007,6.24995,2.3321839999999994
reis_lab_p14,INCLINE_BENCH_PRESS,moderate,4.594328000000001,6.24995,1.6556219999999993
reis_lab_p14,BARBELL_SQUAT,light,11.076736,10.348925,-0.7278110000000009
reis_lab_p14,BARBELL_SQUAT,light,12.713072,10.348925,-2.364147000000001
reis_lab_p14,BARBELL_SQUAT,moderate,12.6068675,11.4921375,-1.1147299999999998
reis_lab_p14,BARBELL_SQUAT,moderate,12.964816,11.4921375,-1.4726785000000007
reis_lab_p2,BICEP_CURL,light,3.9531675,3.3489249999999995,-0.6042425000000007
reis_lab_p2,BICEP_CURL,light,4.621862500000001,3.3489249999999995,-1.2729375000000012
reis_lab_p2,BICEP_CURL,moderate,4.6611975,3.9765125,-0.684685
reis_lab_p2,BICEP_CURL,moderate,5.813713,3.9765125,-1.8372004999999998
reis_lab_p2,BICEP_CURL,hard,11.9145715,8.158787499999999,-3.7557840000000002
reis_lab_p2,TRICEPS_EXTENSION,light,2.6787135,3.3879874999999995,0.7092739999999993
reis_lab_p2,TRICEPS_EXTENSION,light,3.233337,3.3879874999999995,0.15465049999999936
reis_lab_p2,TRICEPS_EXTENSION,moderate,2.8753884999999997,4.546825,1.6714365000000004
reis_lab_p2,TRICEPS_EXTENSION,moderate,4.948343,4.546825,-0.40151800000000026
reis_lab_p2,TRICEPS_EXTENSION,hard,9.94821485,10.932224999999999,0.9840101499999996
reis_lab_p2,BARBELL_SQUAT,light,10.714854,10.380175,-0.3346790000000013
reis_lab_p2,BARBELL_SQUAT,light,12.713071999999999,10.380175,-2.332896999999999
reis_lab_p2,BARBELL_SQUAT,moderate,11.179007,11.4765125,0.29750549999999976
reis_lab_p2,BARBELL_SQUAT,moderate,12.964816,11.4765125,-1.4883035000000007
reis_lab_p2,BARBELL_SQUAT,hard,40.023338899,35.5962875,-4.427051399
reis_lab_p2,LEG_PRESS,light,6.679083,6.1770499999999995,-0.5020330000000008
reis_lab_p2,LEG_PRESS,light,8.6340325,6.1770499999999995,-2.4569825000000005
reis_lab_p2,LEG_PRESS,moderate,9.235858,7.6327625,-1.6030955000000002
reis_lab_p2,LEG_PRESS,moderate,12.6147345,7.6327625,-4.981972000000001
reis_lab_p2,LEG_PRESS,hard,28.87189,19.150975,-9.720915000000002
reis_lab_p2,BENCH_PRESS,light,3.7879605000000005,4.2864249999999995,0.498464499999999
reis_lab_p2,BENCH_PRESS,light,3.8902315000000005,4.2864249999999995,0.396193499999999
reis_lab_p2,BENCH_PRESS,moderate,4.562860000000001,4.6796375,0.11677749999999953
reis_lab_p2,BENCH_PRESS,moderate,5.082082,4.6796375,-0.40244449999999965
reis_lab_p2,BENCH_PRESS,hard,12.1891298,11.299412499999999,-0.8897173000000009
reis_lab_p2,INCLINE_BENCH_PRESS,light,3.5401499999999997,5.4426749999999995,1.9025249999999998
reis_lab_p2,INCLINE_BENCH_PRESS,light,3.7722265,5.4426749999999995,1.6704484999999996
reis_lab_p2,INCLINE_BENCH_PRESS,moderate,4.7634685,6.0077625,1.244294
reis_lab_p2,INCLINE_BENCH_PRESS,moderate,6.2778659999999995,6.0077625,-0.2701034999999994
reis_lab_p2,INCLINE_BENCH_PRESS,hard,9.680343500000001,16.88535,7.205006499999998
reis_lab_p2,LAT_PULLDOWN,light,3.075997,3.0364249999999995,-0.03957200000000061
reis_lab_p2,LAT_PULLDOWN,light,3.5480169999999998,3.0364249999999995,-0.5115920000000003
reis_lab_p2,LAT_PULLDOWN,moderate,3.4929480000000006,4.046825,0.5538769999999995
reis_lab_p2,LAT_PULLDOWN,moderate,4.334717,4.046825,-0.28789200000000026
reis_lab_p2,LAT_PULLDOWN,hard,9.807486020499999,9.494724999999999,-0.3127610205
reis_lab_p2,LEG_EXTENSION,light,5.152885,7.0051749999999995,1.852289999999999
reis_lab_p2,LEG_EXTENSION,light,8.2721505,7.0051749999999995,-1.266975500000001
reis_lab_p2,LEG_EXTENSION,moderate,12.449527499999999,7.4140125,-5.035514999999998
reis_lab_p2,LEG_EXTENSION,moderate,13.535173499999999,7.4140125,-6.121160999999999
reis_lab_p2,LEG_EXTENSION,hard,41.5810285,24.525975,-17.055053500000003
reis_lab_p2,LAT_PULLDOWN,light,3.075997,3.0364249999999995,-0.03957200000000061
reis_lab_p2,LAT_PULLDOWN,light,3.548017,3.0364249999999995,-0.5115920000000007
reis_lab_p2,LAT_PULLDOWN,moderate,3.492948,4.046825,0.553877
reis_lab_p2,LAT_PULLDOWN,moderate,4.334717,4.046825,-0.28789200000000026
reis_lab_p2,BENCH_PRESS,light,3.787960500000001,4.2864249999999995,0.49846449999999853
reis_lab_p2,BENCH_PRESS,light,3.890231500000001,4.2864249999999995,0.39619349999999853
reis_lab_p2,BENCH_PRESS,moderate,4.56286,4.6796375,0.11677750000000042
reis_lab_p2,BENCH_PRESS,moderate,5.082082,4.6796375,-0.40244449999999965
reis_lab_p2,TRICEPS_EXTENSION,light,2.6787135,3.3879874999999995,0.7092739999999993
reis_lab_p2,TRICEPS_EXTENSION,light,3.233337,3.3879874999999995,0.15465049999999936
reis_lab_p2,TRICEPS_EXTENSION,moderate,2.8753885,4.546825,1.6714365
reis_lab_p2,TRICEPS_EXTENSION,moderate,4.948343,4.546825,-0.40151800000000026
reis_lab_p2,BICEP_CURL,light,3.9531675,3.3489249999999995,-0.6042425000000007
reis_lab_p2,BICEP_CURL,light,4.6218625,3.3489249999999995,-1.2729375000000003
reis_lab_p2,BICEP_CURL,moderate,4.6611975,3.9765125,-0.684685
reis_lab_p2,BICEP_CURL,moderate,5.813713,3.9765125,-1.8372004999999998
reis_lab_p2,LEG_PRESS,light,6.679083,6.1770499999999995,-0.5020330000000008
reis_lab_p2,LEG_PRESS,light,8.6340325,6.1770499999999995,-2.4569825000000005
reis_lab_p2,LEG_PRESS,moderate,9.235858,7.6327625,-1.6030955000000002
reis_lab_p2,LEG_PRESS,moderate,12.6147345,7.6327625,-4.981972000000001
reis_lab_p2,LEG_EXTENSION,light,5.152885,7.0051749999999995,1.852289999999999
reis_lab_p2,LEG_EXTENSION,light,8.2721505,7.0051749999999995,-1.266975500000001
reis_lab_p2,LEG_EXTENSION,moderate,12.4495275,7.4140125,-5.035515
reis_lab_p2,LEG_EXTENSION,moderate,13.5351735,7.4140125,-6.121161000000001
reis_lab_p2,INCLINE_BENCH_PRESS,light,3.54015,5.4426749999999995,1.9025249999999994
reis_lab_p2,INCLINE_BENCH_PRESS,light,3.7722265,5.4426749999999995,1.6704484999999996
reis_lab_p2,INCLINE_BENCH_PRESS,moderate,6.277866000000001,6.0077625,-0.27010350000000116
reis_lab_p2,BARBELL_SQUAT,light,10.714854,10.380175,-0.3346790000000013
reis_lab_p2,BARBELL_SQUAT,light,12.713072,10.380175,-2.332897000000001
reis_lab_p2,BARBELL_SQUAT,moderate,11.179007000000002,11.4765125,0.297505499999998
reis_lab_p2,BARBELL_SQUAT,moderate,12.964816,11.4765125,-1.4883035000000007
reis_lab_p3,BICEP_CURL,light,2.8439205000000007,3.4739249999999995,0.6300044999999987
reis_lab_p3,BICEP_CURL,light,2.8439205000000007,3.4739249999999995,0.6300044999999987
reis_lab_p3,BICEP_CURL,moderate,3.4496795,4.0702625,0.6205830000000003
reis_lab_p3,BICEP_CURL,moderate,3.799761,4.0702625,0.27050149999999995
reis_lab_p3,BICEP_CURL,hard,6.7223515,8.791599999999999,2.0692484999999987
reis_lab_p3,TRICEPS_EXTENSION,light,3.0405955000000002,3.4114249999999995,0.37082949999999926
reis_lab_p3,TRICEPS_EXTENSION,light,4.311116,3.4114249999999995,-0.8996910000000007
reis_lab_p3,TRICEPS_EXTENSION,moderate,4.271781,4.6015125,0.3297315000000003
reis_lab_p3,TRICEPS_EXTENSION,moderate,4.7398675,4.6015125,-0.13835499999999978
reis_lab_p3,TRICEPS_EXTENSION,hard,11.15815945,10.916599999999999,-0.24155945000000045
reis_lab_p3,BARBELL_SQUAT,light,7.076366499999999,10.661425,3.5850585000000006
reis_lab_p3,BARBELL_SQUAT,light,8.622232,10.661425,2.039192999999999
reis_lab_p3,BARBELL_SQUAT,moderate,8.146278500000001,11.6952625,3.548983999999999
reis_lab_p3,BARBELL_SQUAT,moderate,9.353863,11.6952625,2.3413994999999996
reis_lab_p3,BARBELL_SQUAT,hard,26.9823664055,36.4791,9.496733594500004
reis_lab_p3,LEG_PRESS,light,5.7232425,6.3489249999999995,0.6256824999999999
reis_lab_p3,LEG_PRESS,light,6.974095500000001,6.3489249999999995,-0.6251705000000012
reis_lab_p3,LEG_PRESS,moderate,7.143236000000001,7.7265125,0.5832764999999993
reis_lab_p3,LEG_PRESS,moderate,10.057959499999999,7.7265125,-2.331446999999999
reis_lab_p3,LEG_PRESS,hard,22.1023365,19.7916,-2.310736500000001
reis_lab_p3,BENCH_PRESS,light,3.7604260000000007,4.0364249999999995,0.2759989999999988
reis_lab_p3,BENCH_PRESS,light,4.118374500000001,4.0364249999999995,-0.08194950000000123
reis_lab_p3,BENCH_PRESS,moderate,4.0003695,4.6015125,0.6011430000000004
reis_lab_p3,BENCH_PRESS,moderate,4.909008,4.6015125,-0.3074954999999999
reis_lab_p3,BENCH_PRESS,hard,12.010210618999999,11.197849999999999,-0.8123606189999997
reis_lab_p3,INCLINE_BENCH_PRESS,light,4.48419,5.0676749999999995,0.5834849999999996
reis_lab_p3,INCLINE_BENCH_PRESS,light,4.6061285000000005,5.0676749999999995,0.46154649999999897
reis_lab_p3,INCLINE_BENCH_PRESS,moderate,6.380137,5.8515125,-0.5286245000000003
reis_lab_p3,INCLINE_BENCH_PRESS,moderate,6.0733239999999995,5.8515125,-0.22181149999999938
reis_lab_p3,INCLINE_BENCH_PRESS,hard,11.831968,17.6041,5.772131999999999
reis_lab_p3,LAT_PULLDOWN,light,3.4418125000000006,3.1614249999999995,-0.2803875000000011
reis_lab_p3,LAT_PULLDOWN,light,3.595219,3.1614249999999995,-0.4337940000000007
reis_lab_p3,LAT_PULLDOWN,moderate,3.4339455,4.1015125,0.667567
reis_lab_p3,LAT_PULLDOWN,moderate,3.9610345000000002,4.1015125,0.14047799999999988
reis_lab_p3,LAT_PULLDOWN,hard,8.617692741,9.322849999999999,0.7051572589999981
reis_lab_p3,LEG_EXTENSION,light,8.169879499999999,6.9739249999999995,-1.1959544999999991
reis_lab_p3,LEG_EXTENSION,light,9.3813975,6.9739249999999995,-2.407472500000001
reis_lab_p3,LEG_EXTENSION,moderate,7.23764,8.0077625,0.7701225000000003
reis_lab_p3,LEG_EXTENSION,moderate,3.0995980000000003,8.0077625,4.9081645
reis_lab_p3,LEG_EXTENSION,hard,28.533609000000002,25.6666,-2.867009000000003
reis_lab_p3,LAT_PULLDOWN,light,3.4418125,3.1614249999999995,-0.2803875000000007
reis_lab_p3,LAT_PULLDOWN,light,3.5952190000000006,3.1614249999999995,-0.4337940000000011
reis_lab_p3,LAT_PULLDOWN,moderate,3.4339455000000005,4.1015125,0.6675669999999996
reis_lab_p3,LAT_PULLDOWN,moderate,3.9610345,4.1015125,0.14047800000000032
reis_lab_p3,BENCH_PRESS,light,3.760426,4.0364249999999995,0.27599899999999966
reis_lab_p3,BENCH_PRESS,light,4.1183745,4.0364249999999995,-0.08194950000000034
reis_lab_p3,BENCH_PRESS,moderate,4.000369500000001,4.6015125,0.6011429999999995
reis_lab_p3,BENCH_PRESS,moderate,4.909008000000001,4.6015125,-0.3074955000000008
reis_lab_p3,TRICEPS_EXTENSION,light,3.0405955,3.4114249999999995,0.3708294999999997
reis_lab_p3,TRICEPS_EXTENSION,light,4.311116,3.4114249999999995,-0.8996910000000007
reis_lab_p3,TRICEPS_EXTENSION,moderate,4.271781,4.6015125,0.3297315000000003
reis_lab_p3,TRICEPS_EXTENSION,moderate,4.7398675,4.6015125,-0.13835499999999978
reis_lab_p3,BICEP_CURL,light,2.8439205000000007,3.4739249999999995,0.6300044999999987
reis_lab_p3,BICEP_CURL,light,2.8439205000000007,3.4739249999999995,0.6300044999999987
reis_lab_p3,BICEP_CURL,moderate,3.4496795,4.0702625,0.6205830000000003
reis_lab_p3,BICEP_CURL,moderate,3.799761,4.0702625,0.27050149999999995
reis_lab_p3,LEG_PRESS,light,5.7232425000000005,6.3489249999999995,0.625682499999999
reis_lab_p3,LEG_PRESS,light,6.974095500000001,6.3489249999999995,-0.6251705000000012
reis_lab_p3,LEG_PRESS,moderate,7.143236,7.7265125,0.5832765000000002
reis_lab_p3,LEG_PRESS,moderate,10.0579595,7.7265125,-2.3314470000000007
reis_lab_p3,LEG_EXTENSION,light,8.1698795,6.9739249999999995,-1.195954500000001
reis_lab_p3,LEG_EXTENSION,light,9.3813975,6.9739249999999995,-2.407472500000001
reis_lab_p3,LEG_EXTENSION,moderate,7.237640000000001,8.0077625,0.7701224999999994
reis_lab_p3,LEG_EXTENSION,moderate,3.099598,8.0077625,4.9081645
reis_lab_p3,INCLINE_BENCH_PRESS,light,4.484190000000001,5.0676749999999995,0.5834849999999987
reis_lab_p3,INCLINE_BENCH_PRESS,moderate,6.380137,5.8515125,-0.5286245000000003
reis_lab_p3,INCLINE_BENCH_PRESS,moderate,6.073324,5.8515125,-0.22181150000000027
reis_lab_p3,BARBELL_SQUAT,light,7.076366499999999,10.661425,3.5850585000000006
reis_lab_p3,BARBELL_SQUAT,light,8.622232,10.661425,2.039192999999999
reis_lab_p3,BARBELL_SQUAT,moderate,8.146278500000001,11.6952625,3.548983999999999
reis_lab_p3,BARBELL_SQUAT,moderate,9.353863,11.6952625,2.3413994999999996
reis_lab_p4,BICEP_CURL,light,3.4339455,3.4739249999999995,0.03997949999999939
reis_lab_p4,BICEP_CURL,light,2.5371075000000003,3.4739249999999995,0.9368174999999992
reis_lab_p4,BICEP_CURL,moderate,3.6778224999999996,4.1015125,0.42369000000000057
reis_lab_p4,BICEP_CURL,moderate,3.343475,4.1015125,0.7580374999999999
reis_lab_p4,BICEP_CURL,hard,6.321134500000001,8.854099999999999,2.5329654999999978
reis_lab_p4,TRICEPS_EXTENSION,light,3.6227535000000004,3.4426749999999995,-0.18007850000000092
reis_lab_p4,TRICEPS_EXTENSION,light,3.9492339999999997,3.4426749999999995,-0.5065590000000002
reis_lab_p4,TRICEPS_EXTENSION,moderate,5.176486000000001,4.5390125,-0.6374735000000005
reis_lab_p4,TRICEPS_EXTENSION,moderate,5.790112000000001,4.5390125,-1.2510995000000005
reis_lab_p4,TRICEPS_EXTENSION,hard,12.98094335,10.822849999999999,-2.1580933500000015
reis_lab_p4,BARBELL_SQUAT,light,10.4749105,10.473925,-0.0009855000000005276
reis_lab_p4,BARBELL_SQUAT,light,11.580224000000001,10.473925,-1.1062990000000017
reis_lab_p4,BARBELL_SQUAT,moderate,12.0719115,11.4452625,-0.6266490000000005
reis_lab_p4,BARBELL_SQUAT,moderate,12.327589000000001,11.4452625,-0.8823265000000013
reis_lab_p4,BARBELL_SQUAT,hard,38.4131646075,35.63535,-2.777814607499998
reis_lab_p4,LEG_PRESS,light,5.2512225,6.4739249999999995,1.2227024999999996
reis_lab_p4,LEG_PRESS,light,4.523525,6.4739249999999995,1.9503999999999992
reis_lab_p4,LEG_PRESS,moderate,4.87754,8.0390125,3.1614725000000004
reis_lab_p4,LEG_PRESS,moderate,5.5816365,8.0390125,2.457376
reis_lab_p4,LEG_PRESS,hard,11.686428499999998,20.6041,8.9176715
reis_lab_p4,BENCH_PRESS,light,3.7014235,4.0364249999999995,0.3350014999999993
reis_lab_p4,BENCH_PRESS,light,4.4645225,4.0364249999999995,-0.4280975000000007
reis_lab_p4,BENCH_PRESS,moderate,3.8941650000000005,4.6640125,0.7698474999999996
reis_lab_p4,BENCH_PRESS,moderate,4.1498425,4.6640125,0.51417
reis_lab_p4,BENCH_PRESS,hard,9.8096730465,11.416599999999999,1.6069269534999986
reis_lab_p4,INCLINE_BENCH_PRESS,light,6.250331500000001,5.0051749999999995,-1.245156500000001
reis_lab_p4,INCLINE_BENCH_PRESS,light,6.954428,5.0051749999999995,-1.9492530000000006
reis_lab_p4,INCLINE_BENCH_PRESS,moderate,6.167728,5.8515125,-0.3162155000000002
reis_lab_p4,INCLINE_BENCH_PRESS,moderate,7.198305,5.8515125,-1.3467925000000003
reis_lab_p4,INCLINE_BENCH_PRESS,hard,20.3637295,16.9791,-3.3846295000000026
reis_lab_p4,LAT_PULLDOWN,light,2.737716,3.3176749999999995,0.5799589999999997
reis_lab_p4,LAT_PULLDOWN,light,2.5056395,3.3176749999999995,0.8120354999999995
reis_lab_p4,LAT_PULLDOWN,moderate,3.8548300000000006,4.1015125,0.24668249999999947
reis_lab_p4,LAT_PULLDOWN,moderate,3.77616,4.1015125,0.32535250000000016
reis_lab_p4,LAT_PULLDOWN,hard,8.293584141499998,9.322849999999999,1.0292658585000005
reis_lab_p4,LEG_EXTENSION,light,7.225839500000001,7.0051749999999995,-0.2206645000000016
reis_lab_p4,LEG_EXTENSION,light,10.687319500000001,7.0051749999999995,-3.6821445000000015
reis_lab_p4,LEG_EXTENSION,moderate,11.005933,7.4765125,-3.5294205000000005
reis_lab_p4,LEG_EXTENSION,moderate,15.002369000000002,7.4765125,-7.5258565000000015
reis_lab_p4,LEG_EXTENSION,hard,43.406172500000004,24.5416,-18.864572500000005
reis_lab_p4,LAT_PULLDOWN,light,2.737716,3.3176749999999995,0.5799589999999997
reis_lab_p4,LAT_PULLDOWN,light,2.5056395,3.3176749999999995,0.8120354999999995
reis_lab_p4,LAT_PULLDOWN,moderate,3.85483,4.1015125,0.24668249999999992
reis_lab_p4,LAT_PULLDOWN,moderate,3.77616,4.1015125,0.32535250000000016
reis_lab_p4,BENCH_PRESS,light,3.7014235,4.0364249999999995,0.3350014999999993
reis_lab_p4,BENCH_PRESS,light,4.4645225,4.0364249999999995,-0.4280975000000007
reis_lab_p4,BENCH_PRESS,moderate,3.894165,4.6640125,0.7698475
reis_lab_p4,BENCH_PRESS,moderate,4.1498425,4.6640125,0.51417
reis_lab_p4,TRICEPS_EXTENSION,light,3.6227535,3.4426749999999995,-0.18007850000000047
reis_lab_p4,TRICEPS_EXTENSION,light,3.949234,3.4426749999999995,-0.5065590000000006
reis_lab_p4,TRICEPS_EXTENSION,moderate,5.176486,4.5390125,-0.6374734999999996
reis_lab_p4,TRICEPS_EXTENSION,moderate,5.790112000000001,4.5390125,-1.2510995000000005
reis_lab_p4,BICEP_CURL,light,3.4339455000000005,3.4739249999999995,0.039979499999998946
reis_lab_p4,BICEP_CURL,light,2.5371075000000003,3.4739249999999995,0.9368174999999992
reis_lab_p4,BICEP_CURL,moderate,3.6778225,4.1015125,0.4236900000000001
reis_lab_p4,BICEP_CURL,moderate,3.343475,4.1015125,0.7580374999999999
reis_lab_p4,LEG_PRESS,light,5.2512225,6.4739249999999995,1.2227024999999996
reis_lab_p4,LEG_PRESS,light,4.523525,6.4739249999999995,1.9503999999999992
reis_lab_p4,LEG_PRESS,moderate,4.87754,8.0390125,3.1614725000000004
reis_lab_p4,LEG_PRESS,moderate,5.5816365,8.0390125,2.457376
reis_lab_p4,LEG_EXTENSION,light,7.225839500000001,7.0051749999999995,-0.2206645000000016
reis_lab_p4,LEG_EXTENSION,light,10.6873195,7.0051749999999995,-3.6821444999999997
reis_lab_p4,LEG_EXTENSION,moderate,11.005933,7.4765125,-3.5294205000000005
reis_lab_p4,LEG_EXTENSION,moderate,15.002368999999998,7.4765125,-7.525856499999998
reis_lab_p4,INCLINE_BENCH_PRESS,light,6.250331500000001,5.0051749999999995,-1.245156500000001
reis_lab_p4,INCLINE_BENCH_PRESS,moderate,6.167728000000001,5.8515125,-0.3162155000000011
reis_lab_p4,INCLINE_BENCH_PRESS,moderate,7.198305,5.8515125,-1.3467925000000003
reis_lab_p4,BARBELL_SQUAT,light,10.4749105,10.473925,-0.0009855000000005276
reis_lab_p4,BARBELL_SQUAT,light,11.580224,10.473925,-1.106299
reis_lab_p4,BARBELL_SQUAT,moderate,12.071911500000002,11.4452625,-0.6266490000000022
reis_lab_p4,BARBELL_SQUAT,moderate,12.327589,11.4452625,-0.8823264999999996
reis_lab_p5,BICEP_CURL,light,2.7141150000000005,3.3381828124999995,0.624067812499999
reis_lab_p5,BICEP_CURL,light,3.3710095,3.3381828124999995,-0.032826687500000507
reis_lab_p5,BICEP_CURL,moderate,3.5912854999999997,3.9501453125,0.35885981250000043
reis_lab_p5,BICEP_CURL,moderate,4.16951,3.9501453125,-0.2193646874999997
reis_lab_p5,BICEP_CURL,hard,7.697859500000001,8.366795312499999,0.6689358124999982
reis_lab_p5,TRICEPS_EXTENSION,light,2.9697924999999996,3.3538078124999995,0.3840153124999999
reis_lab_p5,TRICEPS_EXTENSION,light,2.98946,3.3538078124999995,0.3643478124999997
reis_lab_p5,TRICEPS_EXTENSION,moderate,4.2285125,4.4813953125,0.2528828125000002
reis_lab_p5,TRICEPS_EXTENSION,moderate,3.8115615,4.4813953125,0.6698338125000003
reis_lab_p5,TRICEPS_EXTENSION,hard,8.866109,10.983982812499999,2.117873812499999
reis_lab_p5,BARBELL_SQUAT,light,11.4976205,10.4924796875,-1.0051408125000005
reis_lab_p5,BARBELL_SQUAT,light,9.9163535,10.4924796875,0.5761261874999999
reis_lab_p5,BARBELL_SQUAT,moderate,12.461328,11.62104375,-0.8402842499999998
reis_lab_p5,BARBELL_SQUAT,moderate,10.309703500000001,11.62104375,1.3113402499999989
reis_lab_p5,BARBELL_SQUAT,hard,34.4384179265,36.1421859375,1.703768011000001
reis_lab_p5,LEG_PRESS,light,5.046680500000001,6.3381828124999995,1.2915023124999987
reis_lab_p5,LEG_PRESS,light,6.356535999999999,6.3381828124999995,-0.018353187499999812
reis_lab_p5,LEG_PRESS,moderate,6.4391395,7.9716296875,1.5324901875000005
reis_lab_p5,LEG_PRESS,moderate,6.1755949999999995,7.9716296875,1.7960346875000006
reis_lab_p5,LEG_PRESS,hard,17.732218,20.0582015625,2.3259835624999994
reis_lab_p5,BENCH_PRESS,light,3.713224,4.2600578124999995,0.5468338124999996
reis_lab_p5,BENCH_PRESS,light,3.8587635,4.2600578124999995,0.4012943124999997
reis_lab_p5,BENCH_PRESS,moderate,4.429121,4.8036609375,0.3745399374999998
reis_lab_p5,BENCH_PRESS,moderate,4.1262415,4.8036609375,0.6774194375000002
reis_lab_p5,BENCH_PRESS,hard,10.0497581525,11.362889062499999,1.3131309099999982
reis_lab_p5,INCLINE_BENCH_PRESS,light,4.9286755,5.1350578124999995,0.20638231249999972
reis_lab_p5,INCLINE_BENCH_PRESS,light,6.5846789999999995,5.1350578124999995,-1.4496211875
reis_lab_p5,INCLINE_BENCH_PRESS,moderate,7.3281105,5.8427234375,-1.4853870625
reis_lab_p5,INCLINE_BENCH_PRESS,moderate,8.264283500000001,5.8427234375,-2.421560062500001
reis_lab_p5,INCLINE_BENCH_PRESS,hard,22.971640000000004,16.3042953125,-6.667344687500005
reis_lab_p5,LAT_PULLDOWN,light,3.1113985000000004,3.2405265624999995,0.12912806249999909
reis_lab_p5,LAT_PULLDOWN,light,2.918657,3.2405265624999995,0.32186956249999943
reis_lab_p5,LAT_PULLDOWN,moderate,3.6266870000000004,4.2001453125,0.5734583124999997
reis_lab_p5,LAT_PULLDOWN,moderate,3.7800934999999996,4.2001453125,0.42005181250000057
reis_lab_p5,LAT_PULLDOWN,hard,8.098305534,9.702732812499999,1.6044272784999993
reis_lab_p5,LEG_EXTENSION,light,8.3114855,6.7991203124999995,-1.5123651875000004
reis_lab_p5,LEG_EXTENSION,light,9.786548,6.7991203124999995,-2.9874276875000003
reis_lab_p5,LEG_EXTENSION,moderate,10.655851500000002,7.4110828125,-3.2447686875000024
reis_lab_p5,LEG_EXTENSION,moderate,13.086754500000001,7.4110828125,-5.675671687500001
reis_lab_p5,LEG_EXTENSION,hard,38.2926225,24.7105453125,-13.582077187500001
reis_lab_p5,LAT_PULLDOWN,light,3.1113985,3.2405265624999995,0.12912806249999953
reis_lab_p5,LAT_PULLDOWN,light,2.918657,3.2405265624999995,0.32186956249999943
reis_lab_p5,LAT_PULLDOWN,moderate,3.626687,4.2001453125,0.5734583125000001
reis_lab_p5,LAT_PULLDOWN,moderate,3.7800935,4.2001453125,0.4200518125000001
reis_lab_p5,BENCH_PRESS,light,3.713224,4.2600578124999995,0.5468338124999996
reis_lab_p5,BENCH_PRESS,light,3.8587635000000007,4.2600578124999995,0.4012943124999988
reis_lab_p5,BENCH_PRESS,moderate,4.429121,4.8036609375,0.3745399374999998
reis_lab_p5,BENCH_PRESS,moderate,4.1262415,4.8036609375,0.6774194375000002
reis_lab_p5,TRICEPS_EXTENSION,light,2.9697925,3.3538078124999995,0.38401531249999943
reis_lab_p5,TRICEPS_EXTENSION,light,2.98946,3.3538078124999995,0.3643478124999997
reis_lab_p5,TRICEPS_EXTENSION,moderate,4.2285125,4.4813953125,0.2528828125000002
reis_lab_p5,TRICEPS_EXTENSION,moderate,3.8115615,4.4813953125,0.6698338125000003
reis_lab_p5,BICEP_CURL,light,2.714115,3.3381828124999995,0.6240678124999994
reis_lab_p5,BICEP_CURL,light,3.3710095,3.3381828124999995,-0.032826687500000507
reis_lab_p5,BICEP_CURL,moderate,3.591285500000001,3.9501453125,0.3588598124999991
reis_lab_p5,BICEP_CURL,moderate,4.16951,3.9501453125,-0.2193646874999997
reis_lab_p5,LEG_PRESS,light,5.046680500000001,6.3381828124999995,1.2915023124999987
reis_lab_p5,LEG_PRESS,light,6.356536,6.3381828124999995,-0.0183531875000007
reis_lab_p5,LEG_PRESS,moderate,6.439139500000001,7.9716296875,1.5324901874999988
reis_lab_p5,LEG_PRESS,moderate,6.175595,7.9716296875,1.7960346874999997
reis_lab_p5,LEG_EXTENSION,light,8.311485499999998,6.7991203124999995,-1.5123651874999986
reis_lab_p5,LEG_EXTENSION,light,9.786547999999998,6.7991203124999995,-2.9874276874999985
reis_lab_p5,LEG_EXTENSION,moderate,10.6558515,7.4110828125,-3.2447686875000006
reis_lab_p5,LEG_EXTENSION,moderate,13.086754500000003,7.4110828125,-5.675671687500003
reis_lab_p5,INCLINE_BENCH_PRESS,light,4.928675500000001,5.1350578124999995,0.20638231249999883
reis_lab_p5,INCLINE_BENCH_PRESS,light,6.584679,5.1350578124999995,-1.449621187500001
reis_lab_p5,INCLINE_BENCH_PRESS,moderate,7.3281105,5.8427234375,-1.4853870625
reis_lab_p5,INCLINE_BENCH_PRESS,moderate,8.264283500000001,5.8427234375,-2.421560062500001
reis_lab_p5,BARBELL_SQUAT,light,11.4976205,10.4924796875,-1.0051408125000005
reis_lab_p5,BARBELL_SQUAT,light,9.9163535,10.4924796875,0.5761261874999999
reis_lab_p5,BARBELL_SQUAT,moderate,12.461328000000002,11.62104375,-0.8402842500000016
reis_lab_p5,BARBELL_SQUAT,moderate,10.3097035,11.62104375,1.3113402500000007
reis_lab_p6,BICEP_CURL,light,3.4221449999999995,3.2942374999999995,-0.12790750000000006
reis_lab_p6,BICEP_CURL,light,4.3307835,3.2942374999999995,-1.0365460000000004
reis_lab_p6,BICEP_CURL,moderate,4.358318,3.93745,-0.4208679999999996
reis_lab_p6,BICEP_CURL,moderate,4.3229165,3.93745,-0.3854664999999997
reis_lab_p6,BICEP_CURL,hard,9.0588505,8.268162499999999,-0.7906880000000012
reis_lab_p6,TRICEPS_EXTENSION,light,3.1664675000000004,3.3645499999999995,0.19808249999999905
reis_lab_p6,TRICEPS_EXTENSION,light,2.8360535,3.3645499999999995,0.5284964999999997
reis_lab_p6,TRICEPS_EXTENSION,moderate,3.3080735,4.5312,1.2231265000000002
reis_lab_p6,TRICEPS_EXTENSION,moderate,3.8430295,4.5312,0.6881705
reis_lab_p6,TRICEPS_EXTENSION,hard,7.672291749999999,11.080662499999999,3.4083707499999996
reis_lab_p6,BARBELL_SQUAT,light,11.391416000000001,10.468065625,-0.9233503750000018
reis_lab_p6,BARBELL_SQUAT,light,11.446485,10.468065625,-0.9784193749999996
reis_lab_p6,BARBELL_SQUAT,moderate,13.680713,11.5077625,-2.1729505000000007
reis_lab_p6,BARBELL_SQUAT,moderate,11.446485,11.5077625,0.061277500000000984
reis_lab_p6,BARBELL_SQUAT,hard,38.881727061,35.807225,-3.074502060999997
reis_lab_p6,LEG_PRESS,light,7.949603500000001,6.1282218749999995,-1.8213816250000017
reis_lab_p6,LEG_PRESS,light,8.6655005,6.1282218749999995,-2.537278625000001
reis_lab_p6,LEG_PRESS,moderate,9.2319245,7.6562,-1.5757244999999998
reis_lab_p6,LEG_PRESS,moderate,10.899728500000002,7.6562,-3.243528500000002
reis_lab_p6,LEG_PRESS,hard,26.173509000000003,19.410740625,-6.762768375000004
reis_lab_p6,BENCH_PRESS,light,4.240313,4.2434562499999995,0.0031432499999990426
reis_lab_p6,BENCH_PRESS,light,3.77616,4.2434562499999995,0.4672962499999995
reis_lab_p6,BENCH_PRESS,moderate,5.522634,4.75385625,-0.7687777499999999
reis_lab_p6,BENCH_PRESS,moderate,4.696599,4.75385625,0.05725725000000015
reis_lab_p6,BENCH_PRESS,hard,12.819866525000004,11.207615624999999,-1.6122509000000047
reis_lab_p6,INCLINE_BENCH_PRESS,light,5.9277845000000005,5.1223624999999995,-0.805422000000001
reis_lab_p6,INCLINE_BENCH_PRESS,light,5.2708900000000005,5.1223624999999995,-0.14852750000000103
reis_lab_p6,INCLINE_BENCH_PRESS,moderate,10.109095,5.65229375,-4.45680125
reis_lab_p6,INCLINE_BENCH_PRESS,moderate,10.6243835,5.65229375,-4.97208975
reis_lab_p6,INCLINE_BENCH_PRESS,hard,31.7236775,15.623631249999999,-16.100046250000002
reis_lab_p6,LAT_PULLDOWN,light,3.8587635,3.1809562499999995,-0.6778072500000003
reis_lab_p6,LAT_PULLDOWN,light,3.2215364999999996,3.1809562499999995,-0.040580250000000095
reis_lab_p6,LAT_PULLDOWN,moderate,3.721091000000001,4.203075,0.4819839999999993
reis_lab_p6,LAT_PULLDOWN,moderate,3.6070195,4.203075,0.5960555000000003
reis_lab_p6,LAT_PULLDOWN,hard,7.8577444745000005,9.670506249999999,1.8127617754999985
reis_lab_p6,LEG_EXTENSION,light,5.908116999999999,6.9661124999999995,1.0579955000000005
reis_lab_p6,LEG_EXTENSION,light,6.667282500000001,6.9661124999999995,0.2988299999999988
reis_lab_p6,LEG_EXTENSION,moderate,5.880582499999999,7.8827625,2.002180000000001
reis_lab_p6,LEG_EXTENSION,moderate,6.262132,7.8827625,1.6206304999999999
reis_lab_p6,LEG_EXTENSION,hard,17.177594499999998,26.3150375,9.137443000000001
reis_lab_p6,LAT_PULLDOWN,light,3.8587635000000007,3.1809562499999995,-0.6778072500000012
reis_lab_p6,LAT_PULLDOWN,light,3.2215365,3.1809562499999995,-0.04058025000000054
reis_lab_p6,LAT_PULLDOWN,moderate,3.721091,4.203075,0.4819840000000002
reis_lab_p6,LAT_PULLDOWN,moderate,3.6070195,4.203075,0.5960555000000003
reis_lab_p6,BENCH_PRESS,light,4.240313,4.2434562499999995,0.0031432499999990426
reis_lab_p6,BENCH_PRESS,light,3.77616,4.2434562499999995,0.4672962499999995
reis_lab_p6,BENCH_PRESS,moderate,5.522633999999999,4.75385625,-0.768777749999999
reis_lab_p6,BENCH_PRESS,moderate,4.696599,4.75385625,0.05725725000000015
reis_lab_p6,TRICEPS_EXTENSION,light,3.1664675,3.3645499999999995,0.1980824999999995
reis_lab_p6,TRICEPS_EXTENSION,light,2.8360535,3.3645499999999995,0.5284964999999997
reis_lab_p6,TRICEPS_EXTENSION,moderate,3.3080735,4.5312,1.2231265000000002
reis_lab_p6,TRICEPS_EXTENSION,moderate,3.8430295,4.5312,0.6881705
reis_lab_p6,BICEP_CURL,light,3.422145,3.2942374999999995,-0.1279075000000005
reis_lab_p6,BICEP_CURL,light,4.3307835,3.2942374999999995,-1.0365460000000004
reis_lab_p6,BICEP_CURL,moderate,4.358318000000001,3.93745,-0.42086800000000046
reis_lab_p6,BICEP_CURL,moderate,4.3229165,3.93745,-0.3854664999999997
reis_lab_p6,LEG_PRESS,light,7.949603500000001,6.1282218749999995,-1.8213816250000017
reis_lab_p6,LEG_PRESS,light,8.6655005,6.1282218749999995,-2.537278625000001
reis_lab_p6,LEG_PRESS,moderate,9.2319245,7.6562,-1.5757244999999998
reis_lab_p6,LEG_PRESS,moderate,10.899728500000002,7.6562,-3.243528500000002
reis_lab_p6,LEG_EXTENSION,light,5.908116999999999,6.9661124999999995,1.0579955000000005
reis_lab_p6,LEG_EXTENSION,light,6.667282500000001,6.9661124999999995,0.2988299999999988
reis_lab_p6,LEG_EXTENSION,moderate,5.8805825,7.8827625,2.00218
reis_lab_p6,LEG_EXTENSION,moderate,6.262131999999999,7.8827625,1.6206305000000008
reis_lab_p6,INCLINE_BENCH_PRESS,light,5.9277845,5.1223624999999995,-0.8054220000000001
reis_lab_p6,INCLINE_BENCH_PRESS,light,5.2708900000000005,5.1223624999999995,-0.14852750000000103
reis_lab_p6,INCLINE_BENCH_PRESS,moderate,10.109095,5.65229375,-4.45680125
reis_lab_p6,INCLINE_BENCH_PRESS,moderate,10.624383500000002,5.65229375,-4.972089750000002
reis_lab_p6,BARBELL_SQUAT,light,11.391416,10.468065625,-0.9233503750000001
reis_lab_p6,BARBELL_SQUAT,light,11.446485,10.468065625,-0.9784193749999996
reis_lab_p6,BARBELL_SQUAT,moderate,13.680713,11.5077625,-2.1729505000000007
reis_lab_p6,BARBELL_SQUAT,moderate,11.446485,11.5077625,0.061277500000000984
reis_lab_p7,BICEP_CURL,light,3.3710095,3.2493156249999995,-0.1216938750000005
reis_lab_p7,BICEP_CURL,light,4.275714499999999,3.2493156249999995,-1.026398875
reis_lab_p7,BICEP_CURL,moderate,4.8814735,3.837840625,-1.0436328750000001
reis_lab_p7,BICEP_CURL,moderate,5.420363,3.837840625,-1.582522375
reis_lab_p7,BICEP_CURL,hard,11.312746000000002,8.051365624999999,-3.2613803750000034
reis_lab_p7,TRICEPS_EXTENSION,light,2.5056395,3.3196281249999995,0.8139886249999995
reis_lab_p7,TRICEPS_EXTENSION,light,3.5991525,3.3196281249999995,-0.2795243750000007
reis_lab_p7,TRICEPS_EXTENSION,moderate,4.5353255,4.447215625,-0.08810987499999978
reis_lab_p7,TRICEPS_EXTENSION,moderate,4.279648,4.447215625,0.16756762500000022
reis_lab_p7,TRICEPS_EXTENSION,hard,10.743175200000001,10.809178124999999,0.0660029249999976
reis_lab_p7,BARBELL_SQUAT,light,8.260349999999999,10.64970625,2.3893562500000005
reis_lab_p7,BARBELL_SQUAT,light,9.6016735,10.64970625,1.048032749999999
reis_lab_p7,BARBELL_SQUAT,moderate,12.311855000000001,11.595653125,-0.7162018750000012
reis_lab_p7,BARBELL_SQUAT,moderate,11.434684500000001,11.595653125,0.16096862499999887
reis_lab_p7,BARBELL_SQUAT,hard,34.609458307,36.141209375,1.5317510680000055
reis_lab_p7,LEG_PRESS,light,6.321134500000001,6.2356437499999995,-0.08549075000000173
reis_lab_p7,LEG_PRESS,light,7.6585245,6.2356437499999995,-1.422880750000001
reis_lab_p7,LEG_PRESS,moderate,8.598631,7.763621875,-0.8350091249999991
reis_lab_p7,LEG_PRESS,moderate,9.566272,7.763621875,-1.8026501249999995
reis_lab_p7,LEG_PRESS,hard,23.0070415,19.656834375,-3.3502071250000007
reis_lab_p7,BENCH_PRESS,light,4.118374500000001,4.2688468749999995,0.15047237499999877
reis_lab_p7,BENCH_PRESS,light,3.8548300000000006,4.2688468749999995,0.41401687499999884
reis_lab_p7,BENCH_PRESS,moderate,5.5777030000000005,4.76948125,-0.8082217500000004
reis_lab_p7,BENCH_PRESS,moderate,4.893274,4.76948125,-0.12379274999999978
reis_lab_p7,BENCH_PRESS,hard,12.839604828000002,11.184178124999999,-1.6554267030000034
reis_lab_p7,INCLINE_BENCH_PRESS,light,5.424296499999999,5.1243156249999995,-0.29998087499999926
reis_lab_p7,INCLINE_BENCH_PRESS,light,5.868782,5.1243156249999995,-0.7444663750000009
reis_lab_p7,INCLINE_BENCH_PRESS,moderate,6.0890580000000005,6.01166875,-0.07738925000000041
reis_lab_p7,INCLINE_BENCH_PRESS,moderate,6.1244595,6.01166875,-0.11279075000000027
reis_lab_p7,INCLINE_BENCH_PRESS,hard,15.584527,16.869725,1.2851979999999994
reis_lab_p7,LAT_PULLDOWN,light,2.352233,3.2571281249999995,0.9048951249999995
reis_lab_p7,LAT_PULLDOWN,light,3.2844725,3.2571281249999995,-0.027344375000000642
reis_lab_p7,LAT_PULLDOWN,moderate,3.5322830000000005,4.162059375,0.6297763749999996
reis_lab_p7,LAT_PULLDOWN,moderate,4.5825275,4.162059375,-0.4204681250000002
reis_lab_p7,LAT_PULLDOWN,hard,9.6064133675,9.582615624999999,-0.023797742500001107
reis_lab_p7,LEG_EXTENSION,light,5.5501685,6.9836906249999995,1.4335221249999996
reis_lab_p7,LEG_EXTENSION,light,6.7223515,6.9836906249999995,0.26133912499999923
reis_lab_p7,LEG_EXTENSION,moderate,7.009497,7.658153125,0.6486561250000005
reis_lab_p7,LEG_EXTENSION,moderate,10.769922999999999,7.658153125,-3.1117698749999985
reis_lab_p7,LEG_EXTENSION,hard,28.0183205,25.496678125,-2.5216423750000025
reis_lab_p7,LAT_PULLDOWN,light,2.352233,3.2571281249999995,0.9048951249999995
reis_lab_p7,LAT_PULLDOWN,light,3.2844725,3.2571281249999995,-0.027344375000000642
reis_lab_p7,LAT_PULLDOWN,moderate,3.5322830000000005,4.162059375,0.6297763749999996
reis_lab_p7,LAT_PULLDOWN,moderate,4.5825275,4.162059375,-0.4204681250000002
reis_lab_p7,BENCH_PRESS,light,4.1183745,4.2688468749999995,0.15047237499999966
reis_lab_p7,BENCH_PRESS,light,3.85483,4.2688468749999995,0.4140168749999993
reis_lab_p7,BENCH_PRESS,moderate,5.5777030000000005,4.76948125,-0.8082217500000004
reis_lab_p7,BENCH_PRESS,moderate,4.893273999999999,4.76948125,-0.1237927499999989
reis_lab_p7,TRICEPS_EXTENSION,light,2.5056395,3.3196281249999995,0.8139886249999995
reis_lab_p7,TRICEPS_EXTENSION,light,3.5991525,3.3196281249999995,-0.2795243750000007
reis_lab_p7,TRICEPS_EXTENSION,moderate,4.5353255,4.447215625,-0.08810987499999978
reis_lab_p7,TRICEPS_EXTENSION,moderate,4.279648,4.447215625,0.16756762500000022
reis_lab_p7,BICEP_CURL,light,3.3710095,3.2493156249999995,-0.1216938750000005
reis_lab_p7,BICEP_CURL,light,4.2757145,3.2493156249999995,-1.0263988750000008
reis_lab_p7,BICEP_CURL,moderate,4.8814735,3.837840625,-1.0436328750000001
reis_lab_p7,BICEP_CURL,moderate,5.420362999999999,3.837840625,-1.582522374999999
reis_lab_p7,LEG_PRESS,light,6.3211345,6.2356437499999995,-0.08549075000000084
reis_lab_p7,LEG_PRESS,light,7.658524499999999,6.2356437499999995,-1.4228807499999991
reis_lab_p7,LEG_PRESS,moderate,8.598631,7.763621875,-0.8350091249999991
reis_lab_p7,LEG_PRESS,moderate,9.566272,7.763621875,-1.8026501249999995
reis_lab_p7,LEG_EXTENSION,light,5.5501685,6.9836906249999995,1.4335221249999996
reis_lab_p7,LEG_EXTENSION,light,6.7223515,6.9836906249999995,0.26133912499999923
reis_lab_p7,LEG_EXTENSION,moderate,7.009497,7.658153125,0.6486561250000005
reis_lab_p7,LEG_EXTENSION,moderate,10.769923,7.658153125,-3.1117698750000002
reis_lab_p7,INCLINE_BENCH_PRESS,light,5.4242965,5.1243156249999995,-0.29998087500000015
reis_lab_p7,INCLINE_BENCH_PRESS,light,5.868782,5.1243156249999995,-0.7444663750000009
reis_lab_p7,INCLINE_BENCH_PRESS,moderate,6.0890580000000005,6.01166875,-0.07738925000000041
reis_lab_p7,INCLINE_BENCH_PRESS,moderate,6.1244595,6.01166875,-0.11279075000000027
reis_lab_p7,BARBELL_SQUAT,light,8.26035,10.64970625,2.3893562499999987
reis_lab_p7,BARBELL_SQUAT,light,9.6016735,10.64970625,1.048032749999999
reis_lab_p7,BARBELL_SQUAT,moderate,12.311855,11.595653125,-0.7162018749999994
reis_lab_p7,BARBELL_SQUAT,moderate,11.4346845,11.595653125,0.16096862500000064
reis_lab_p8,BICEP_CURL,light,3.6660220000000003,3.4582999999999995,-0.20772200000000085
reis_lab_p8,BICEP_CURL,light,2.8242529999999997,3.4582999999999995,0.6340469999999998
reis_lab_p8,BICEP_CURL,moderate,4.067239000000001,4.0702625,0.0030234999999994017
reis_lab_p8,BICEP_CURL,moderate,4.7398675,4.0702625,-0.6696049999999998
reis_lab_p8,BICEP_CURL,hard,9.3577965,8.494724999999999,-0.8630715000000002
reis_lab_p8,TRICEPS_EXTENSION,light,2.155558,3.3957999999999995,1.2402419999999994
reis_lab_p8,TRICEPS_EXTENSION,light,4.389786000000001,3.3957999999999995,-0.9939860000000014
reis_lab_p8,TRICEPS_EXTENSION,moderate,3.2884059999999997,4.5546375,1.2662315000000004
reis_lab_p8,TRICEPS_EXTENSION,moderate,4.216712000000001,4.5546375,0.337925499999999
reis_lab_p8,TRICEPS_EXTENSION,hard,9.663429449999999,10.963474999999999,1.30004555
reis_lab_p8,BARBELL_SQUAT,light,11.808367,10.3958,-1.412567000000001
reis_lab_p8,BARBELL_SQUAT,light,10.899728500000002,10.3958,-0.5039285000000024
reis_lab_p8,BARBELL_SQUAT,moderate,12.260719499999999,11.4140125,-0.8467069999999985
reis_lab_p8,BARBELL_SQUAT,moderate,13.53124,11.4140125,-2.1172275000000003
reis_lab_p8,BARBELL_SQUAT,hard,40.899270346499996,35.57285,-5.326420346499994
reis_lab_p8,LEG_PRESS,light,5.8412475,6.3801749999999995,0.5389274999999998
reis_lab_p8,LEG_PRESS,light,5.1174835,6.3801749999999995,1.2626914999999999
reis_lab_p8,LEG_PRESS,moderate,6.423405499999999,7.9452625,1.5218570000000007
reis_lab_p8,LEG_PRESS,moderate,7.9732045000000005,7.9452625,-0.027942000000000355
reis_lab_p8,LEG_PRESS,hard,17.8148215,20.0416,2.226778499999998
reis_lab_p8,BENCH_PRESS,light,4.0003695,3.9426749999999995,-0.057694500000000204
reis_lab_p8,BENCH_PRESS,light,5.1725525,3.9426749999999995,-1.2298775000000006
reis_lab_p8,BENCH_PRESS,moderate,4.48419,4.4452625,-0.03892749999999978
reis_lab_p8,BENCH_PRESS,moderate,6.4548735,4.4452625,-2.0096109999999996
reis_lab_p8,BENCH_PRESS,hard,15.127257625000002,10.775974999999999,-4.351282625000003
reis_lab_p8,INCLINE_BENCH_PRESS,light,4.216712000000001,5.3176749999999995,1.1009629999999984
reis_lab_p8,INCLINE_BENCH_PRESS,light,4.696599,5.3176749999999995,0.6210759999999995
reis_lab_p8,INCLINE_BENCH_PRESS,moderate,4.5982615,5.8671375,1.2688760000000006
reis_lab_p8,INCLINE_BENCH_PRESS,moderate,6.6948170000000005,5.8671375,-0.8276795000000003
reis_lab_p8,INCLINE_BENCH_PRESS,hard,15.914941,17.557225,1.6422839999999983
reis_lab_p8,LAT_PULLDOWN,light,2.5685754999999997,3.3176749999999995,0.7490994999999998
reis_lab_p8,LAT_PULLDOWN,light,3.1192655,3.3176749999999995,0.19840949999999946
reis_lab_p8,LAT_PULLDOWN,moderate,3.4378790000000006,4.1952625,0.7573834999999995
reis_lab_p8,LAT_PULLDOWN,moderate,3.980702,4.1952625,0.21456050000000015
reis_lab_p8,LAT_PULLDOWN,hard,9.314158251,9.385349999999999,0.0711917489999987
reis_lab_p8,LEG_EXTENSION,light,7.005563499999999,7.0051749999999995,-0.00038849999999968077
reis_lab_p8,LEG_EXTENSION,light,7.6663915,7.0051749999999995,-0.6612165000000001
reis_lab_p8,LEG_EXTENSION,moderate,6.199196000000001,8.0546375,1.8554414999999995
reis_lab_p8,LEG_EXTENSION,moderate,5.5619689999999995,8.0546375,2.4926685000000006
reis_lab_p8,LEG_EXTENSION,hard,22.916571,25.94785,3.031278999999998
reis_lab_p8,LAT_PULLDOWN,light,2.5685755,3.3176749999999995,0.7490994999999994
reis_lab_p8,LAT_PULLDOWN,light,3.1192655,3.3176749999999995,0.19840949999999946
reis_lab_p8,LAT_PULLDOWN,moderate,3.437879000000001,4.1952625,0.7573834999999991
reis_lab_p8,LAT_PULLDOWN,moderate,3.980702,4.1952625,0.21456050000000015
reis_lab_p8,BENCH_PRESS,light,4.000369500000001,3.9426749999999995,-0.05769450000000109
reis_lab_p8,BENCH_PRESS,light,5.1725525,3.9426749999999995,-1.2298775000000006
reis_lab_p8,BENCH_PRESS,moderate,4.484190000000001,4.4452625,-0.03892750000000067
reis_lab_p8,BENCH_PRESS,moderate,6.4548735,4.4452625,-2.0096109999999996
reis_lab_p8,TRICEPS_EXTENSION,light,2.155558,3.3957999999999995,1.2402419999999994
reis_lab_p8,TRICEPS_EXTENSION,light,4.389786,3.3957999999999995,-0.9939860000000005
reis_lab_p8,TRICEPS_EXTENSION,moderate,3.288406,4.5546375,1.2662315
reis_lab_p8,TRICEPS_EXTENSION,moderate,4.216712,4.5546375,0.3379254999999999
reis_lab_p8,BICEP_CURL,light,3.666022,3.4582999999999995,-0.2077220000000004
reis_lab_p8,BICEP_CURL,light,2.824253,3.4582999999999995,0.6340469999999994
reis_lab_p8,BICEP_CURL,moderate,4.067239000000001,4.0702625,0.0030234999999994017
reis_lab_p8,BICEP_CURL,moderate,4.7398675,4.0702625,-0.6696049999999998
reis_lab_p8,LEG_PRESS,light,5.841247500000001,6.3801749999999995,0.5389274999999989
reis_lab_p8,LEG_PRESS,light,5.1174835000000005,6.3801749999999995,1.262691499999999
reis_lab_p8,LEG_PRESS,moderate,6.423405499999999,7.9452625,1.5218570000000007
reis_lab_p8,LEG_PRESS,moderate,7.9732045,7.9452625,-0.027941999999999467
reis_lab_p8,LEG_EXTENSION,light,7.0055635,7.0051749999999995,-0.00038850000000056895
reis_lab_p8,LEG_EXTENSION,light,7.6663915,7.0051749999999995,-0.6612165000000001
reis_lab_p8,LEG_EXTENSION,moderate,6.199196,8.0546375,1.8554415000000004
reis_lab_p8,LEG_EXTENSION,moderate,5.561969,8.0546375,2.4926684999999997
reis_lab_p8,INCLINE_BENCH_PRESS,light,4.216712,5.3176749999999995,1.1009629999999992
reis_lab_p8,INCLINE_BENCH_PRESS,light,4.696599,5.3176749999999995,0.6210759999999995
reis_lab_p8,INCLINE_BENCH_PRESS,moderate,6.694817,5.8671375,-0.8276794999999995
reis_lab_p8,BARBELL_SQUAT,light,11.808367,10.3958,-1.412567000000001
reis_lab_p8,BARBELL_SQUAT,light,10.899728500000002,10.3958,-0.5039285000000024
reis_lab_p8,BARBELL_SQUAT,moderate,12.260719500000002,11.4140125,-0.8467070000000021
reis_lab_p8,BARBELL_SQUAT,moderate,13.53124,11.4140125,-2.1172275000000003
reis_lab_p9,BICEP_CURL,light,3.233337,3.3303703124999995,0.09703331249999936
reis_lab_p9,BICEP_CURL,light,3.8941650000000005,3.3303703124999995,-0.5637946875000011
reis_lab_p9,BICEP_CURL,moderate,4.924742,3.8720203125,-1.0527216875
reis_lab_p9,BICEP_CURL,moderate,5.727176,3.8720203125,-1.8551556875
reis_lab_p9,BICEP_CURL,hard,11.725763500000001,8.015232812499999,-3.710530687500002
reis_lab_p9,TRICEPS_EXTENSION,light,2.9304575,3.2756828124999995,0.3452253124999993
reis_lab_p9,TRICEPS_EXTENSION,light,3.2097360000000004,3.2756828124999995,0.06594681249999912
reis_lab_p9,TRICEPS_EXTENSION,moderate,3.4260785000000005,4.4970203125,1.0709418124999996
reis_lab_p9,TRICEPS_EXTENSION,moderate,3.9925025000000005,4.4970203125,0.5045178124999996
reis_lab_p9,TRICEPS_EXTENSION,hard,8.22298175,10.999607812499999,2.7766260624999983
reis_lab_p9,BARBELL_SQUAT,light,12.138780999999998,10.4084953125,-1.7302856874999986
reis_lab_p9,BARBELL_SQUAT,light,12.2135175,10.4084953125,-1.8050221875000005
reis_lab_p9,BARBELL_SQUAT,moderate,12.500663000000001,11.4755359375,-1.025127062500001
reis_lab_p9,BARBELL_SQUAT,moderate,14.2196025,11.4755359375,-2.7440665625000005
reis_lab_p9,BARBELL_SQUAT,hard,42.965392357,35.4742171875,-7.491175169499996
reis_lab_p9,LEG_PRESS,light,7.457916,6.1721671874999995,-1.2857488125000005
reis_lab_p9,LEG_PRESS,light,7.6821255000000015,6.1721671874999995,-1.509958312500002
reis_lab_p9,LEG_PRESS,moderate,9.3184615,7.7313953125,-1.5870661874999996
reis_lab_p9,LEG_PRESS,moderate,9.8298165,7.7313953125,-2.0984211874999996
reis_lab_p9,LEG_PRESS,hard,23.762273500000003,19.6148421875,-4.147431312500004
reis_lab_p9,BENCH_PRESS,light,4.071172499999999,4.2834953124999995,0.21232281250000007
reis_lab_p9,BENCH_PRESS,light,3.2097360000000004,4.2834953124999995,1.0737593124999991
reis_lab_p9,BENCH_PRESS,moderate,4.6454635,4.8231921875,0.17772868750000015
reis_lab_p9,BENCH_PRESS,moderate,4.208845,4.8231921875,0.6143471875
reis_lab_p9,BENCH_PRESS,hard,9.939152065999998,11.431248437499999,1.4920963715000006
reis_lab_p9,INCLINE_BENCH_PRESS,light,7.155036500000001,4.9397453124999995,-2.215291187500002
reis_lab_p9,INCLINE_BENCH_PRESS,light,8.103010000000001,4.9397453124999995,-3.1632646875000017
reis_lab_p9,INCLINE_BENCH_PRESS,moderate,7.0370315,5.9423328125,-1.0946986875000002
reis_lab_p9,INCLINE_BENCH_PRESS,moderate,6.8914919999999995,5.9423328125,-0.9491591874999994
reis_lab_p9,INCLINE_BENCH_PRESS,hard,21.020623999999998,16.4214828125,-4.599141187499999
reis_lab_p9,LAT_PULLDOWN,light,3.6581550000000003,3.2913078124999995,-0.3668471875000008
reis_lab_p9,LAT_PULLDOWN,light,2.619711,3.2913078124999995,0.6715968124999994
reis_lab_p9,LAT_PULLDOWN,moderate,4.177376999999999,4.1493640625,-0.02801293749999889
reis_lab_p9,LAT_PULLDOWN,moderate,3.3867435,4.1493640625,0.7626205625
reis_lab_p9,LAT_PULLDOWN,hard,7.7492664115,9.616795312499999,1.8675289009999991
reis_lab_p9,LEG_EXTENSION,light,7.398913499999999,6.8772453124999995,-0.5216681874999995
reis_lab_p9,LEG_EXTENSION,light,7.5562534999999995,6.8772453124999995,-0.6790081875
reis_lab_p9,LEG_EXTENSION,moderate,7.3163100000000005,7.7235828125,0.4072728124999996
reis_lab_p9,LEG_EXTENSION,moderate,9.0431165,7.7235828125,-1.3195336874999999
reis_lab_p9,LEG_EXTENSION,hard,24.796784000000002,25.7496078125,0.9528238124999966
reis_lab_p9,LAT_PULLDOWN,light,3.658155,3.2913078124999995,-0.36684718750000034
reis_lab_p9,LAT_PULLDOWN,light,2.619711,3.2913078124999995,0.6715968124999994
reis_lab_p9,LAT_PULLDOWN,moderate,4.177377,4.1493640625,-0.02801293749999978
reis_lab_p9,LAT_PULLDOWN,moderate,3.3867435,4.1493640625,0.7626205625
reis_lab_p9,BENCH_PRESS,light,4.0711725,4.2834953124999995,0.21232281249999918
reis_lab_p9,BENCH_PRESS,light,3.209736,4.2834953124999995,1.0737593124999996
reis_lab_p9,BENCH_PRESS,moderate,4.645463500000001,4.8231921875,0.17772868749999926
reis_lab_p9,BENCH_PRESS,moderate,4.208845,4.8231921875,0.6143471875
reis_lab_p9,TRICEPS_EXTENSION,light,2.9304575,3.2756828124999995,0.3452253124999993
reis_lab_p9,TRICEPS_EXTENSION,light,3.209736,3.2756828124999995,0.06594681249999956
reis_lab_p9,TRICEPS_EXTENSION,moderate,3.4260785000000005,4.4970203125,1.0709418124999996
reis_lab_p9,TRICEPS_EXTENSION,moderate,3.9925025,4.4970203125,0.5045178125
reis_lab_p9,BICEP_CURL,light,3.233337,3.3303703124999995,0.09703331249999936
reis_lab_p9,BICEP_CURL,light,3.894165,3.3303703124999995,-0.5637946875000006
reis_lab_p9,BICEP_CURL,moderate,4.924741999999999,3.8720203125,-1.0527216874999992
reis_lab_p9,BICEP_CURL,moderate,5.727175999999999,3.8720203125,-1.855155687499999
reis_lab_p9,LEG_PRESS,light,7.457916000000001,6.1721671874999995,-1.2857488125000014
reis_lab_p9,LEG_PRESS,light,7.682125500000001,6.1721671874999995,-1.5099583125000011
reis_lab_p9,LEG_PRESS,moderate,9.318461500000002,7.7313953125,-1.5870661875000014
reis_lab_p9,LEG_PRESS,moderate,9.8298165,7.7313953125,-2.0984211874999996
reis_lab_p9,LEG_EXTENSION,light,7.3989135,6.8772453124999995,-0.5216681875000004
reis_lab_p9,LEG_EXTENSION,light,7.5562535,6.8772453124999995,-0.6790081875000009
reis_lab_p9,LEG_EXTENSION,moderate,7.31631,7.7235828125,0.40727281250000047
reis_lab_p9,LEG_EXTENSION,moderate,9.0431165,7.7235828125,-1.3195336874999999
reis_lab_p9,INCLINE_BENCH_PRESS,light,7.1550365000000005,4.9397453124999995,-2.215291187500001
reis_lab_p9,INCLINE_BENCH_PRESS,light,8.10301,4.9397453124999995,-3.1632646875
reis_lab_p9,INCLINE_BENCH_PRESS,moderate,7.0370315,5.9423328125,-1.0946986875000002
reis_lab_p9,INCLINE_BENCH_PRESS,moderate,6.891492,5.9423328125,-0.9491591875000003
reis_lab_p9,BARBELL_SQUAT,light,12.138781000000002,10.4084953125,-1.7302856875000021
reis_lab_p9,BARBELL_SQUAT,light,12.2135175,10.4084953125,-1.8050221875000005
reis_lab_p9,BARBELL_SQUAT,moderate,12.500663,11.4755359375,-1.0251270624999993
reis_lab_p9,BARBELL_SQUAT,moderate,14.2196025,11.4755359375,-2.7440665625000005
